,"('96520433', 'rs113164681')","('96520443', 'rs111490789')","('96521024', 'rs17878739')","('96521422', 'rs7902257')","('96521657', 'rs12248560')","('96522450', 'rs367543001')","('96522463', 'rs28399504')","('96522469', 'rs367543002')","('96522472', 'rs367543003')","('96522512', 'rs55752064')","('96522517', 'rs17882687')","('96522545', 'Unnamed: 12_level_1')","('96522613', 'Unnamed: 13_level_1')","('96534863', 'rs145328984')","('96534878', 'Unnamed: 15_level_1')","('96534917', 'rs118203756')","('96534942', 'Unnamed: 17_level_1')","('96535124', 'rs12769205')","('96535173', 'rs41291556')","('96535210', 'rs72552267')","('96535246', 'rs17884712')","('96535264', 'rs58973490')","('96540331', 'rs140278421')","('96540336', 'rs370803989')","('96540410', 'rs4986893')","('96541615', 'rs6413438')","('96541616', 'rs4244285')","('96541701', 'Unnamed: 28_level_1')","('96541756', 'rs72558186')","('96602618', 'rs138142612')","('96602636', 'rs118203757')","('96602752', 'rs113934938')","('96609721', 'rs377184510')","('96609752', 'rs17879685')","('96612495', 'rs56337013')","('96612522', 'rs192154563')","('96612542', 'rs118203759')","('96612671', 'rs55640102')"
*1/*1,C/C,C/C,T/T,G/G,C/C,G/G,A/A,C/C,T/T,T/T,A/A,A/A,A/A,C/C,C/C,G/G,A/A,A/A,T/T,G/G,G/G,G/G,G/G,G/G,G/G,C/C,G/G,G/G,T/T,G/G,G/G,G/G,A/A,C/C,C/C,C/C,C/C,A/A
*1/*2,C/C,C/C,T/T,G/G,C/C,G/G,A/A,C/C,T/T,T/T,A/A,A/A,A/A,C/C,C/C,G/G,A/A,A/G,T/T,G/G,G/G,G/G,G/G,G/G,G/G,C/C,G/A,G/G,T/T,G/G,G/G,G/G,A/A,C/C,C/C,C/C,C/C,A/A
*1/*3,C/C,C/C,T/T,G/G,C/C,G/G,A/A,C/C,T/T,T/T,A/A,A/A,A/A,C/C,C/C,G/G,A/A,A/A,T/T,G/G,G/G,G/G,G/G,G/G,G/A,C/C,G/G,G/G,T/T,G/G,G/G,G/G,A/A,C/C,C/C,C/C,C/C,A/A
*1/*4A,C/C,C/C,T/T,G/G,C/C,G/G,A/G,C/C,T/T,T/T,A/A,A/A,A/A,C/C,C/C,G/G,A/A,A/A,T/T,G/G,G/G,G/G,G/G,G/G,G/G,C/C,G/G,G/G,T/T,G/G,G/G,G/G,A/A,C/C,C/C,C/C,C/C,A/A
*1/*4B,C/C,C/C,T/T,G/G,C/T,G/G,A/G,C/C,T/T,T/T,A/A,A/A,A/A,C/C,C/C,G/G,A/A,A/A,T/T,G/G,G/G,G/G,G/G,G/G,G/G,C/C,G/G,G/G,T/T,G/G,G/G,G/G,A/A,C/C,C/C,C/C,C/C,A/A
*1/*5,C/C,C/C,T/T,G/G,C/C,G/G,A/A,C/C,T/T,T/T,A/A,A/A,A/A,C/C,C/C,G/G,A/A,A/A,T/T,G/G,G/G,G/G,G/G,G/G,G/G,C/C,G/G,G/G,T/T,G/G,G/G,G/G,A/A,C/C,C/T,C/C,C/C,A/A
*1/*6,C/C,C/C,T/T,G/G,C/C,G/G,A/A,C/C,T/T,T/T,A/A,A/A,A/A,C/C,C/C,G/G,A/A,A/A,T/T,G/A,G/G,G/G,G/G,G/G,G/G,C/C,G/G,G/G,T/T,G/G,G/G,G/G,A/A,C/C,C/C,C/C,C/C,A/A
*1/*7,C/C,C/C,T/T,G/G,C/C,G/G,A/A,C/C,T/T,T/T,A/A,A/A,A/A,C/C,C/C,G/G,A/A,A/A,T/T,G/G,G/G,G/G,G/G,G/G,G/G,C/C,G/G,G/G,T/A,G/G,G/G,G/G,A/A,C/C,C/C,C/C,C/C,A/A
*1/*8,C/C,C/C,T/T,G/G,C/C,G/G,A/A,C/C,T/T,T/T,A/A,A/A,A/A,C/C,C/C,G/G,A/A,A/A,T/C,G/G,G/G,G/G,G/G,G/G,G/G,C/C,G/G,G/G,T/T,G/G,G/G,G/G,A/A,C/C,C/C,C/C,C/C,A/A
*1/*9,C/C,C/C,T/T,G/G,C/C,G/G,A/A,C/C,T/T,T/T,A/A,A/A,A/A,C/C,C/C,G/G,A/A,A/A,T/T,G/G,G/A,G/G,G/G,G/G,G/G,C/C,G/G,G/G,T/T,G/G,G/G,G/G,A/A,C/C,C/C,C/C,C/C,A/A
*1/*10,C/C,C/C,T/T,G/G,C/C,G/G,A/A,C/C,T/T,T/T,A/A,A/A,A/A,C/C,C/C,G/G,A/A,A/A,T/T,G/G,G/G,G/G,G/G,G/G,G/G,C/T,G/G,G/G,T/T,G/G,G/G,G/G,A/A,C/C,C/C,C/C,C/C,A/A
*1/*11,C/C,C/q,T/T,G/G,C/C,G/G,A/A,C/C,T/T,T/T,A/A,A/A,A/A,C/C,C/C,G/G,A/A,A/A,T/T,G/G,G/G,G/A,G/G,G/G,G/G,C/C,G/G,G/G,T/T,G/G,G/G,G/G,A/A,C/C,C/C,C/C,C/C,A/A
*1/*12,C/C,C/C,T/T,G/G,C/C,G/G,A/A,C/C,T/T,T/T,A/A,A/A,A/A,C/C,C/C,G/G,A/A,A/A,T/T,G/G,G/G,G/G,G/G,G/G,G/G,C/C,G/G,G/G,T/T,G/G,G/G,G/G,A/A,C/C,C/C,C/C,C/C,A/C
*1/*13,C/C,C/C,T/T,G/G,C/C,G/G,A/A,C/C,T/T,T/T,A/A,A/A,A/A,C/C,C/C,G/G,A/A,A/A,T/T,G/G,G/G,G/G,G/G,G/G,G/G,C/C,G/G,G/G,T/T,G/G,G/G,G/G,A/A,C/T,C/C,C/C,C/C,A/A
*1/*14,C/C,C/C,T/T,G/G,C/C,G/G,A/A,C/C,T/T,T/C,A/A,A/A,A/A,C/C,C/C,G/G,A/A,A/A,T/T,G/G,G/G,G/G,G/G,G/G,G/G,C/C,G/G,G/G,T/T,G/G,G/G,G/G,A/A,C/C,C/C,C/C,C/C,A/A
*1/*15,C/C,C/C,T/T,G/G,C/C,G/G,A/A,C/C,T/T,T/T,A/C,A/A,A/A,C/C,C/C,G/G,A/A,A/A,T/T,G/G,G/G,G/G,G/G,G/G,G/G,C/C,G/G,G/G,T/T,G/G,G/G,G/G,A/A,C/C,C/C,C/C,C/C,A/A
*1/*16,C/C,C/C,T/T,G/G,C/C,G/G,A/A,C/C,T/T,T/T,A/A,A/A,A/A,C/C,C/C,G/G,A/A,A/A,T/T,G/G,G/G,G/G,G/G,G/G,G/G,C/C,G/G,G/G,T/T,G/G,G/G,G/G,A/A,C/C,C/C,C/T,C/C,A/A
*1/*17,C/C,C/C,T/T,G/G,C/T,G/G,A/A,C/C,T/T,T/T,A/A,A/A,A/A,C/C,C/C,G/G,A/A,A/A,T/T,G/G,G/G,G/G,G/G,G/G,G/G,C/C,G/G,G/G,T/T,G/G,G/G,G/G,A/A,C/C,C/C,C/C,C/C,A/A
*1/*18,C/C,C/C,T/T,G/G,C/C,G/G,A/A,C/C,T/T,T/T,A/A,A/A,A/A,C/C,C/C,G/G,A/A,A/A,T/T,G/G,G/G,G/G,G/G,G/G,G/G,C/C,G/G,G/G,T/T,G/A,G/G,G/G,A/A,C/C,C/C,C/C,C/C,A/A
*1/*19,C/C,C/C,T/T,G/G,C/C,G/G,A/A,C/C,T/T,T/T,A/A,A/A,A/G,C/C,C/C,G/G,A/A,A/A,T/T,G/G,G/G,G/G,G/G,G/G,G/G,C/C,G/G,G/G,T/T,G/G,G/G,G/G,A/A,C/C,C/C,C/C,C/C,A/A
*1/*22,C/C,C/C,T/T,G/G,C/C,G/G,A/A,C/C,T/T,T/T,A/A,A/A,A/A,C/C,C/C,G/G,A/A,A/A,T/T,G/G,G/G,G/G,G/C,G/G,G/G,C/C,G/G,G/G,T/T,G/G,G/G,G/G,A/A,C/C,C/C,C/C,C/C,A/A
*1/*23,C/C,C/C,T/T,G/G,C/C,G/G,A/A,C/C,T/T,T/T,A/A,A/A,A/A,C/C,C/C,G/C,A/A,A/A,T/T,G/G,G/G,G/G,G/G,G/G,G/G,C/C,G/G,G/G,T/T,G/G,G/G,G/G,A/A,C/C,C/C,C/C,C/C,A/A
*1/*24,C/C,C/C,T/T,G/G,C/C,G/G,A/A,C/C,T/T,T/T,A/A,A/A,A/A,C/C,C/C,G/G,A/A,A/A,T/T,G/G,G/G,G/G,G/G,G/G,G/G,C/C,G/G,G/G,T/T,G/G,G/A,G/G,A/G,C/C,C/C,C/C,C/C,A/A
*1/*25,C/C,C/C,T/T,G/G,C/C,G/G,A/A,C/C,T/T,T/T,A/A,A/A,A/A,C/C,C/C,G/G,A/A,A/A,T/T,G/G,G/G,G/G,G/G,G/G,G/G,C/C,G/G,G/G,T/T,G/G,G/G,G/G,A/A,C/C,C/C,C/C,C/G,A/A
*1/*26,C/C,C/C,T/T,G/G,C/C,G/G,A/A,C/C,T/T,T/T,A/A,A/A,A/A,C/C,C/C,G/G,A/A,A/A,T/T,G/G,G/G,G/G,G/G,G/G,G/G,C/C,G/G,G/A,T/T,G/G,G/G,G/G,A/A,C/C,C/C,C/C,C/C,A/A
*1/*27,C/C,C/C,T/T,G/A,C/C,G/G,A/A,C/C,T/T,T/T,A/A,A/A,A/A,C/C,C/C,G/G,A/A,A/A,T/T,G/G,G/G,G/G,G/G,G/G,G/G,C/C,G/G,G/G,T/T,G/G,G/G,G/G,A/A,C/C,C/C,C/C,C/C,A/A
*1/*28,C/T,C/A,T/C,G/G,C/C,G/G,A/A,C/C,T/T,T/T,A/C,A/A,A/A,C/C,C/C,G/G,A/A,A/A,T/T,G/G,G/G,G/G,G/G,G/G,G/G,C/C,G/G,G/G,T/T,G/G,G/G,G/A,A/A,C/C,C/C,C/C,C/C,A/A
*1/*29,C/C,C/C,T/T,G/G,C/C,G/G,A/A,C/C,T/T,T/T,A/A,A/T,A/A,C/C,C/C,G/G,A/A,A/A,T/T,G/G,G/G,G/G,G/G,G/G,G/G,C/C,G/G,G/G,T/T,G/G,G/G,G/G,A/A,C/C,C/C,C/C,C/C,A/A
*1/*30,C/C,C/C,T/T,G/G,C/C,G/G,A/A,C/C,T/T,T/T,A/A,A/A,A/A,C/T,C/C,G/G,A/A,A/A,T/T,G/G,G/G,G/G,G/G,G/G,G/G,C/C,G/G,G/G,T/T,G/G,G/G,G/G,A/A,C/C,C/C,C/C,C/C,A/A
*1/*31,C/C,C/C,T/T,G/G,C/C,G/G,A/A,C/C,T/T,T/T,A/A,A/A,A/A,C/C,C/T,G/G,A/A,A/A,T/T,G/G,G/G,G/G,G/G,G/G,G/G,C/C,G/G,G/G,T/T,G/G,G/G,G/G,A/A,C/C,C/C,C/C,C/C,A/A
*1/*32,C/C,C/C,T/T,G/G,C/C,G/G,A/A,C/C,T/T,T/T,A/A,A/A,A/A,C/C,C/C,G/G,A/G,A/A,T/T,G/G,G/G,G/G,G/G,G/G,G/G,C/C,G/G,G/G,T/T,G/G,G/G,G/G,A/A,C/C,C/C,C/C,C/C,A/A
*1/*33,C/C,C/C,T/T,G/G,C/C,G/G,A/A,C/C,T/T,T/T,A/A,A/A,A/A,C/C,C/C,G/G,A/A,A/A,T/T,G/G,G/G,G/G,G/G,G/A,G/G,C/C,G/G,G/G,T/T,G/G,G/G,G/G,A/A,C/C,C/C,C/C,C/C,A/A
*1/*34,C/C,C/C,T/T,G/G,C/C,G/A,A/A,C/T,T/C,T/T,A/A,A/A,A/A,C/C,C/C,G/G,A/A,A/A,T/T,G/G,G/G,G/G,G/G,G/G,G/G,C/C,G/G,G/G,T/T,G/G,G/G,G/G,A/A,C/C,C/C,C/C,C/C,A/A
*1/*35,C/C,C/C,T/T,G/G,C/C,G/G,A/A,C/C,T/T,T/T,A/A,A/A,A/A,C/C,C/C,G/G,A/A,A/G,T/T,G/G,G/G,G/G,G/G,G/G,G/G,C/C,G/G,G/G,T/T,G/G,G/G,G/G,A/A,C/C,C/C,C/C,C/C,A/A
*2/*2,C/C,C/C,T/T,G/G,C/C,G/G,A/A,C/C,T/T,T/T,A/A,A/A,A/A,C/C,C/C,G/G,A/A,G/G,T/T,G/G,G/G,G/G,G/G,G/G,G/G,C/C,A/A,G/G,T/T,G/G,G/G,G/G,A/A,C/C,C/C,C/C,C/C,A/A
*2/*3,C/C,C/C,T/T,G/G,C/C,G/G,A/A,C/C,T/T,T/T,A/A,A/A,A/A,C/C,C/C,G/G,A/A,G/A,T/T,G/G,G/G,G/G,G/G,G/G,G/A,C/C,A/G,G/G,T/T,G/G,G/G,G/G,A/A,C/C,C/C,C/C,C/C,A/A
*2/*4A,C/C,C/C,T/T,G/G,C/C,G/G,A/G,C/C,T/T,T/T,A/A,A/A,A/A,C/C,C/C,G/G,A/A,G/A,T/T,G/G,G/G,G/G,G/G,G/G,G/G,C/C,A/G,G/G,T/T,G/G,G/G,G/G,A/A,C/C,C/C,C/C,C/C,A/A
*2/*4B,C/C,C/C,T/T,G/G,C/T,G/G,A/G,C/C,T/T,T/T,A/A,A/A,A/A,C/C,C/C,G/G,A/A,G/A,T/T,G/G,G/G,G/G,G/G,G/G,G/G,C/C,A/G,G/G,T/T,G/G,G/G,G/G,A/A,C/C,C/C,C/C,C/C,A/A
*2/*5,C/C,C/C,T/T,G/G,C/C,G/G,A/A,C/C,T/T,T/T,A/A,A/A,A/A,C/C,C/C,G/G,A/A,G/A,T/T,G/G,G/G,G/G,G/G,G/G,G/G,C/C,A/G,G/G,T/T,G/G,G/G,G/G,A/A,C/C,C/T,C/C,C/C,A/A
*2/*6,C/C,C/C,T/T,G/G,C/C,G/G,A/A,C/C,T/T,T/T,A/A,A/A,A/A,C/C,C/C,G/G,A/A,G/A,T/T,G/A,G/G,G/G,G/G,G/G,G/G,C/C,A/G,G/G,T/T,G/G,G/G,G/G,A/A,C/C,C/C,C/C,C/C,A/A
*2/*7,C/C,C/C,T/T,G/G,C/C,G/G,A/A,C/C,T/T,T/T,A/A,A/A,A/A,C/C,C/C,G/G,A/A,G/A,T/T,G/G,G/G,G/G,G/G,G/G,G/G,C/C,A/G,G/G,T/A,G/G,G/G,G/G,A/A,C/C,C/C,C/C,C/C,A/A
*2/*8,C/C,C/C,T/T,G/G,C/C,G/G,A/A,C/C,T/T,T/T,A/A,A/A,A/A,C/C,C/C,G/G,A/A,G/A,T/C,G/G,G/G,G/G,G/G,G/G,G/G,C/C,A/G,G/G,T/T,G/G,G/G,G/G,A/A,C/C,C/C,C/C,C/C,A/A
*2/*9,C/C,C/C,T/T,G/G,C/C,G/G,A/A,C/C,T/T,T/T,A/A,A/A,A/A,C/C,C/C,G/G,A/A,G/A,T/T,G/G,G/A,G/G,G/G,G/G,G/G,C/C,A/G,G/G,T/T,G/G,G/G,G/G,A/A,C/C,C/C,C/C,C/C,A/A
*2/*10,C/C,C/C,T/T,G/G,C/C,G/G,A/A,C/C,T/T,T/T,A/A,A/A,A/A,C/C,C/C,G/G,A/A,G/A,T/T,G/G,G/G,G/G,G/G,G/G,G/G,C/T,A/G,G/G,T/T,G/G,G/G,G/G,A/A,C/C,C/C,C/C,C/C,A/A
*2/*11,C/C,C/q,T/T,G/G,C/C,G/G,A/A,C/C,T/T,T/T,A/A,A/A,A/A,C/C,C/C,G/G,A/A,G/A,T/T,G/G,G/G,G/A,G/G,G/G,G/G,C/C,A/G,G/G,T/T,G/G,G/G,G/G,A/A,C/C,C/C,C/C,C/C,A/A
*2/*12,C/C,C/C,T/T,G/G,C/C,G/G,A/A,C/C,T/T,T/T,A/A,A/A,A/A,C/C,C/C,G/G,A/A,G/A,T/T,G/G,G/G,G/G,G/G,G/G,G/G,C/C,A/G,G/G,T/T,G/G,G/G,G/G,A/A,C/C,C/C,C/C,C/C,A/C
*2/*13,C/C,C/C,T/T,G/G,C/C,G/G,A/A,C/C,T/T,T/T,A/A,A/A,A/A,C/C,C/C,G/G,A/A,G/A,T/T,G/G,G/G,G/G,G/G,G/G,G/G,C/C,A/G,G/G,T/T,G/G,G/G,G/G,A/A,C/T,C/C,C/C,C/C,A/A
*2/*14,C/C,C/C,T/T,G/G,C/C,G/G,A/A,C/C,T/T,T/C,A/A,A/A,A/A,C/C,C/C,G/G,A/A,G/A,T/T,G/G,G/G,G/G,G/G,G/G,G/G,C/C,A/G,G/G,T/T,G/G,G/G,G/G,A/A,C/C,C/C,C/C,C/C,A/A
*2/*15,C/C,C/C,T/T,G/G,C/C,G/G,A/A,C/C,T/T,T/T,A/C,A/A,A/A,C/C,C/C,G/G,A/A,G/A,T/T,G/G,G/G,G/G,G/G,G/G,G/G,C/C,A/G,G/G,T/T,G/G,G/G,G/G,A/A,C/C,C/C,C/C,C/C,A/A
*2/*16,C/C,C/C,T/T,G/G,C/C,G/G,A/A,C/C,T/T,T/T,A/A,A/A,A/A,C/C,C/C,G/G,A/A,G/A,T/T,G/G,G/G,G/G,G/G,G/G,G/G,C/C,A/G,G/G,T/T,G/G,G/G,G/G,A/A,C/C,C/C,C/T,C/C,A/A
*2/*17,C/C,C/C,T/T,G/G,C/T,G/G,A/A,C/C,T/T,T/T,A/A,A/A,A/A,C/C,C/C,G/G,A/A,G/A,T/T,G/G,G/G,G/G,G/G,G/G,G/G,C/C,A/G,G/G,T/T,G/G,G/G,G/G,A/A,C/C,C/C,C/C,C/C,A/A
*2/*18,C/C,C/C,T/T,G/G,C/C,G/G,A/A,C/C,T/T,T/T,A/A,A/A,A/A,C/C,C/C,G/G,A/A,G/A,T/T,G/G,G/G,G/G,G/G,G/G,G/G,C/C,A/G,G/G,T/T,G/A,G/G,G/G,A/A,C/C,C/C,C/C,C/C,A/A
*2/*19,C/C,C/C,T/T,G/G,C/C,G/G,A/A,C/C,T/T,T/T,A/A,A/A,A/G,C/C,C/C,G/G,A/A,G/A,T/T,G/G,G/G,G/G,G/G,G/G,G/G,C/C,A/G,G/G,T/T,G/G,G/G,G/G,A/A,C/C,C/C,C/C,C/C,A/A
*2/*22,C/C,C/C,T/T,G/G,C/C,G/G,A/A,C/C,T/T,T/T,A/A,A/A,A/A,C/C,C/C,G/G,A/A,G/A,T/T,G/G,G/G,G/G,G/C,G/G,G/G,C/C,A/G,G/G,T/T,G/G,G/G,G/G,A/A,C/C,C/C,C/C,C/C,A/A
*2/*23,C/C,C/C,T/T,G/G,C/C,G/G,A/A,C/C,T/T,T/T,A/A,A/A,A/A,C/C,C/C,G/C,A/A,G/A,T/T,G/G,G/G,G/G,G/G,G/G,G/G,C/C,A/G,G/G,T/T,G/G,G/G,G/G,A/A,C/C,C/C,C/C,C/C,A/A
*2/*24,C/C,C/C,T/T,G/G,C/C,G/G,A/A,C/C,T/T,T/T,A/A,A/A,A/A,C/C,C/C,G/G,A/A,G/A,T/T,G/G,G/G,G/G,G/G,G/G,G/G,C/C,A/G,G/G,T/T,G/G,G/A,G/G,A/G,C/C,C/C,C/C,C/C,A/A
*2/*25,C/C,C/C,T/T,G/G,C/C,G/G,A/A,C/C,T/T,T/T,A/A,A/A,A/A,C/C,C/C,G/G,A/A,G/A,T/T,G/G,G/G,G/G,G/G,G/G,G/G,C/C,A/G,G/G,T/T,G/G,G/G,G/G,A/A,C/C,C/C,C/C,C/G,A/A
*2/*26,C/C,C/C,T/T,G/G,C/C,G/G,A/A,C/C,T/T,T/T,A/A,A/A,A/A,C/C,C/C,G/G,A/A,G/A,T/T,G/G,G/G,G/G,G/G,G/G,G/G,C/C,A/G,G/A,T/T,G/G,G/G,G/G,A/A,C/C,C/C,C/C,C/C,A/A
*2/*27,C/C,C/C,T/T,G/A,C/C,G/G,A/A,C/C,T/T,T/T,A/A,A/A,A/A,C/C,C/C,G/G,A/A,G/A,T/T,G/G,G/G,G/G,G/G,G/G,G/G,C/C,A/G,G/G,T/T,G/G,G/G,G/G,A/A,C/C,C/C,C/C,C/C,A/A
*2/*28,C/T,C/A,T/C,G/G,C/C,G/G,A/A,C/C,T/T,T/T,A/C,A/A,A/A,C/C,C/C,G/G,A/A,G/A,T/T,G/G,G/G,G/G,G/G,G/G,G/G,C/C,A/G,G/G,T/T,G/G,G/G,G/A,A/A,C/C,C/C,C/C,C/C,A/A
*2/*29,C/C,C/C,T/T,G/G,C/C,G/G,A/A,C/C,T/T,T/T,A/A,A/T,A/A,C/C,C/C,G/G,A/A,G/A,T/T,G/G,G/G,G/G,G/G,G/G,G/G,C/C,A/G,G/G,T/T,G/G,G/G,G/G,A/A,C/C,C/C,C/C,C/C,A/A
*2/*30,C/C,C/C,T/T,G/G,C/C,G/G,A/A,C/C,T/T,T/T,A/A,A/A,A/A,C/T,C/C,G/G,A/A,G/A,T/T,G/G,G/G,G/G,G/G,G/G,G/G,C/C,A/G,G/G,T/T,G/G,G/G,G/G,A/A,C/C,C/C,C/C,C/C,A/A
*2/*31,C/C,C/C,T/T,G/G,C/C,G/G,A/A,C/C,T/T,T/T,A/A,A/A,A/A,C/C,C/T,G/G,A/A,G/A,T/T,G/G,G/G,G/G,G/G,G/G,G/G,C/C,A/G,G/G,T/T,G/G,G/G,G/G,A/A,C/C,C/C,C/C,C/C,A/A
*2/*32,C/C,C/C,T/T,G/G,C/C,G/G,A/A,C/C,T/T,T/T,A/A,A/A,A/A,C/C,C/C,G/G,A/G,G/A,T/T,G/G,G/G,G/G,G/G,G/G,G/G,C/C,A/G,G/G,T/T,G/G,G/G,G/G,A/A,C/C,C/C,C/C,C/C,A/A
*2/*33,C/C,C/C,T/T,G/G,C/C,G/G,A/A,C/C,T/T,T/T,A/A,A/A,A/A,C/C,C/C,G/G,A/A,G/A,T/T,G/G,G/G,G/G,G/G,G/A,G/G,C/C,A/G,G/G,T/T,G/G,G/G,G/G,A/A,C/C,C/C,C/C,C/C,A/A
*2/*34,C/C,C/C,T/T,G/G,C/C,G/A,A/A,C/T,T/C,T/T,A/A,A/A,A/A,C/C,C/C,G/G,A/A,G/A,T/T,G/G,G/G,G/G,G/G,G/G,G/G,C/C,A/G,G/G,T/T,G/G,G/G,G/G,A/A,C/C,C/C,C/C,C/C,A/A
*2/*35,C/C,C/C,T/T,G/G,C/C,G/G,A/A,C/C,T/T,T/T,A/A,A/A,A/A,C/C,C/C,G/G,A/A,G/G,T/T,G/G,G/G,G/G,G/G,G/G,G/G,C/C,A/G,G/G,T/T,G/G,G/G,G/G,A/A,C/C,C/C,C/C,C/C,A/A
*3/*3,C/C,C/C,T/T,G/G,C/C,G/G,A/A,C/C,T/T,T/T,A/A,A/A,A/A,C/C,C/C,G/G,A/A,A/A,T/T,G/G,G/G,G/G,G/G,G/G,A/A,C/C,G/G,G/G,T/T,G/G,G/G,G/G,A/A,C/C,C/C,C/C,C/C,A/A
*3/*4A,C/C,C/C,T/T,G/G,C/C,G/G,A/G,C/C,T/T,T/T,A/A,A/A,A/A,C/C,C/C,G/G,A/A,A/A,T/T,G/G,G/G,G/G,G/G,G/G,A/G,C/C,G/G,G/G,T/T,G/G,G/G,G/G,A/A,C/C,C/C,C/C,C/C,A/A
*3/*4B,C/C,C/C,T/T,G/G,C/T,G/G,A/G,C/C,T/T,T/T,A/A,A/A,A/A,C/C,C/C,G/G,A/A,A/A,T/T,G/G,G/G,G/G,G/G,G/G,A/G,C/C,G/G,G/G,T/T,G/G,G/G,G/G,A/A,C/C,C/C,C/C,C/C,A/A
*3/*5,C/C,C/C,T/T,G/G,C/C,G/G,A/A,C/C,T/T,T/T,A/A,A/A,A/A,C/C,C/C,G/G,A/A,A/A,T/T,G/G,G/G,G/G,G/G,G/G,A/G,C/C,G/G,G/G,T/T,G/G,G/G,G/G,A/A,C/C,C/T,C/C,C/C,A/A
*3/*6,C/C,C/C,T/T,G/G,C/C,G/G,A/A,C/C,T/T,T/T,A/A,A/A,A/A,C/C,C/C,G/G,A/A,A/A,T/T,G/A,G/G,G/G,G/G,G/G,A/G,C/C,G/G,G/G,T/T,G/G,G/G,G/G,A/A,C/C,C/C,C/C,C/C,A/A
*3/*7,C/C,C/C,T/T,G/G,C/C,G/G,A/A,C/C,T/T,T/T,A/A,A/A,A/A,C/C,C/C,G/G,A/A,A/A,T/T,G/G,G/G,G/G,G/G,G/G,A/G,C/C,G/G,G/G,T/A,G/G,G/G,G/G,A/A,C/C,C/C,C/C,C/C,A/A
*3/*8,C/C,C/C,T/T,G/G,C/C,G/G,A/A,C/C,T/T,T/T,A/A,A/A,A/A,C/C,C/C,G/G,A/A,A/A,T/C,G/G,G/G,G/G,G/G,G/G,A/G,C/C,G/G,G/G,T/T,G/G,G/G,G/G,A/A,C/C,C/C,C/C,C/C,A/A
*3/*9,C/C,C/C,T/T,G/G,C/C,G/G,A/A,C/C,T/T,T/T,A/A,A/A,A/A,C/C,C/C,G/G,A/A,A/A,T/T,G/G,G/A,G/G,G/G,G/G,A/G,C/C,G/G,G/G,T/T,G/G,G/G,G/G,A/A,C/C,C/C,C/C,C/C,A/A
*3/*10,C/C,C/C,T/T,G/G,C/C,G/G,A/A,C/C,T/T,T/T,A/A,A/A,A/A,C/C,C/C,G/G,A/A,A/A,T/T,G/G,G/G,G/G,G/G,G/G,A/G,C/T,G/G,G/G,T/T,G/G,G/G,G/G,A/A,C/C,C/C,C/C,C/C,A/A
*3/*11,C/C,C/q,T/T,G/G,C/C,G/G,A/A,C/C,T/T,T/T,A/A,A/A,A/A,C/C,C/C,G/G,A/A,A/A,T/T,G/G,G/G,G/A,G/G,G/G,A/G,C/C,G/G,G/G,T/T,G/G,G/G,G/G,A/A,C/C,C/C,C/C,C/C,A/A
*3/*12,C/C,C/C,T/T,G/G,C/C,G/G,A/A,C/C,T/T,T/T,A/A,A/A,A/A,C/C,C/C,G/G,A/A,A/A,T/T,G/G,G/G,G/G,G/G,G/G,A/G,C/C,G/G,G/G,T/T,G/G,G/G,G/G,A/A,C/C,C/C,C/C,C/C,A/C
*3/*13,C/C,C/C,T/T,G/G,C/C,G/G,A/A,C/C,T/T,T/T,A/A,A/A,A/A,C/C,C/C,G/G,A/A,A/A,T/T,G/G,G/G,G/G,G/G,G/G,A/G,C/C,G/G,G/G,T/T,G/G,G/G,G/G,A/A,C/T,C/C,C/C,C/C,A/A
*3/*14,C/C,C/C,T/T,G/G,C/C,G/G,A/A,C/C,T/T,T/C,A/A,A/A,A/A,C/C,C/C,G/G,A/A,A/A,T/T,G/G,G/G,G/G,G/G,G/G,A/G,C/C,G/G,G/G,T/T,G/G,G/G,G/G,A/A,C/C,C/C,C/C,C/C,A/A
*3/*15,C/C,C/C,T/T,G/G,C/C,G/G,A/A,C/C,T/T,T/T,A/C,A/A,A/A,C/C,C/C,G/G,A/A,A/A,T/T,G/G,G/G,G/G,G/G,G/G,A/G,C/C,G/G,G/G,T/T,G/G,G/G,G/G,A/A,C/C,C/C,C/C,C/C,A/A
*3/*16,C/C,C/C,T/T,G/G,C/C,G/G,A/A,C/C,T/T,T/T,A/A,A/A,A/A,C/C,C/C,G/G,A/A,A/A,T/T,G/G,G/G,G/G,G/G,G/G,A/G,C/C,G/G,G/G,T/T,G/G,G/G,G/G,A/A,C/C,C/C,C/T,C/C,A/A
*3/*17,C/C,C/C,T/T,G/G,C/T,G/G,A/A,C/C,T/T,T/T,A/A,A/A,A/A,C/C,C/C,G/G,A/A,A/A,T/T,G/G,G/G,G/G,G/G,G/G,A/G,C/C,G/G,G/G,T/T,G/G,G/G,G/G,A/A,C/C,C/C,C/C,C/C,A/A
*3/*18,C/C,C/C,T/T,G/G,C/C,G/G,A/A,C/C,T/T,T/T,A/A,A/A,A/A,C/C,C/C,G/G,A/A,A/A,T/T,G/G,G/G,G/G,G/G,G/G,A/G,C/C,G/G,G/G,T/T,G/A,G/G,G/G,A/A,C/C,C/C,C/C,C/C,A/A
*3/*19,C/C,C/C,T/T,G/G,C/C,G/G,A/A,C/C,T/T,T/T,A/A,A/A,A/G,C/C,C/C,G/G,A/A,A/A,T/T,G/G,G/G,G/G,G/G,G/G,A/G,C/C,G/G,G/G,T/T,G/G,G/G,G/G,A/A,C/C,C/C,C/C,C/C,A/A
*3/*22,C/C,C/C,T/T,G/G,C/C,G/G,A/A,C/C,T/T,T/T,A/A,A/A,A/A,C/C,C/C,G/G,A/A,A/A,T/T,G/G,G/G,G/G,G/C,G/G,A/G,C/C,G/G,G/G,T/T,G/G,G/G,G/G,A/A,C/C,C/C,C/C,C/C,A/A
*3/*23,C/C,C/C,T/T,G/G,C/C,G/G,A/A,C/C,T/T,T/T,A/A,A/A,A/A,C/C,C/C,G/C,A/A,A/A,T/T,G/G,G/G,G/G,G/G,G/G,A/G,C/C,G/G,G/G,T/T,G/G,G/G,G/G,A/A,C/C,C/C,C/C,C/C,A/A
*3/*24,C/C,C/C,T/T,G/G,C/C,G/G,A/A,C/C,T/T,T/T,A/A,A/A,A/A,C/C,C/C,G/G,A/A,A/A,T/T,G/G,G/G,G/G,G/G,G/G,A/G,C/C,G/G,G/G,T/T,G/G,G/A,G/G,A/G,C/C,C/C,C/C,C/C,A/A
*3/*25,C/C,C/C,T/T,G/G,C/C,G/G,A/A,C/C,T/T,T/T,A/A,A/A,A/A,C/C,C/C,G/G,A/A,A/A,T/T,G/G,G/G,G/G,G/G,G/G,A/G,C/C,G/G,G/G,T/T,G/G,G/G,G/G,A/A,C/C,C/C,C/C,C/G,A/A
*3/*26,C/C,C/C,T/T,G/G,C/C,G/G,A/A,C/C,T/T,T/T,A/A,A/A,A/A,C/C,C/C,G/G,A/A,A/A,T/T,G/G,G/G,G/G,G/G,G/G,A/G,C/C,G/G,G/A,T/T,G/G,G/G,G/G,A/A,C/C,C/C,C/C,C/C,A/A
*3/*27,C/C,C/C,T/T,G/A,C/C,G/G,A/A,C/C,T/T,T/T,A/A,A/A,A/A,C/C,C/C,G/G,A/A,A/A,T/T,G/G,G/G,G/G,G/G,G/G,A/G,C/C,G/G,G/G,T/T,G/G,G/G,G/G,A/A,C/C,C/C,C/C,C/C,A/A
*3/*28,C/T,C/A,T/C,G/G,C/C,G/G,A/A,C/C,T/T,T/T,A/C,A/A,A/A,C/C,C/C,G/G,A/A,A/A,T/T,G/G,G/G,G/G,G/G,G/G,A/G,C/C,G/G,G/G,T/T,G/G,G/G,G/A,A/A,C/C,C/C,C/C,C/C,A/A
*3/*29,C/C,C/C,T/T,G/G,C/C,G/G,A/A,C/C,T/T,T/T,A/A,A/T,A/A,C/C,C/C,G/G,A/A,A/A,T/T,G/G,G/G,G/G,G/G,G/G,A/G,C/C,G/G,G/G,T/T,G/G,G/G,G/G,A/A,C/C,C/C,C/C,C/C,A/A
*3/*30,C/C,C/C,T/T,G/G,C/C,G/G,A/A,C/C,T/T,T/T,A/A,A/A,A/A,C/T,C/C,G/G,A/A,A/A,T/T,G/G,G/G,G/G,G/G,G/G,A/G,C/C,G/G,G/G,T/T,G/G,G/G,G/G,A/A,C/C,C/C,C/C,C/C,A/A
*3/*31,C/C,C/C,T/T,G/G,C/C,G/G,A/A,C/C,T/T,T/T,A/A,A/A,A/A,C/C,C/T,G/G,A/A,A/A,T/T,G/G,G/G,G/G,G/G,G/G,A/G,C/C,G/G,G/G,T/T,G/G,G/G,G/G,A/A,C/C,C/C,C/C,C/C,A/A
*3/*32,C/C,C/C,T/T,G/G,C/C,G/G,A/A,C/C,T/T,T/T,A/A,A/A,A/A,C/C,C/C,G/G,A/G,A/A,T/T,G/G,G/G,G/G,G/G,G/G,A/G,C/C,G/G,G/G,T/T,G/G,G/G,G/G,A/A,C/C,C/C,C/C,C/C,A/A
*3/*33,C/C,C/C,T/T,G/G,C/C,G/G,A/A,C/C,T/T,T/T,A/A,A/A,A/A,C/C,C/C,G/G,A/A,A/A,T/T,G/G,G/G,G/G,G/G,G/A,A/G,C/C,G/G,G/G,T/T,G/G,G/G,G/G,A/A,C/C,C/C,C/C,C/C,A/A
*3/*34,C/C,C/C,T/T,G/G,C/C,G/A,A/A,C/T,T/C,T/T,A/A,A/A,A/A,C/C,C/C,G/G,A/A,A/A,T/T,G/G,G/G,G/G,G/G,G/G,A/G,C/C,G/G,G/G,T/T,G/G,G/G,G/G,A/A,C/C,C/C,C/C,C/C,A/A
*3/*35,C/C,C/C,T/T,G/G,C/C,G/G,A/A,C/C,T/T,T/T,A/A,A/A,A/A,C/C,C/C,G/G,A/A,A/G,T/T,G/G,G/G,G/G,G/G,G/G,A/G,C/C,G/G,G/G,T/T,G/G,G/G,G/G,A/A,C/C,C/C,C/C,C/C,A/A
*4A/*4A,C/C,C/C,T/T,G/G,C/C,G/G,G/G,C/C,T/T,T/T,A/A,A/A,A/A,C/C,C/C,G/G,A/A,A/A,T/T,G/G,G/G,G/G,G/G,G/G,G/G,C/C,G/G,G/G,T/T,G/G,G/G,G/G,A/A,C/C,C/C,C/C,C/C,A/A
*4A/*4B,C/C,C/C,T/T,G/G,C/T,G/G,G/G,C/C,T/T,T/T,A/A,A/A,A/A,C/C,C/C,G/G,A/A,A/A,T/T,G/G,G/G,G/G,G/G,G/G,G/G,C/C,G/G,G/G,T/T,G/G,G/G,G/G,A/A,C/C,C/C,C/C,C/C,A/A
*4A/*5,C/C,C/C,T/T,G/G,C/C,G/G,G/A,C/C,T/T,T/T,A/A,A/A,A/A,C/C,C/C,G/G,A/A,A/A,T/T,G/G,G/G,G/G,G/G,G/G,G/G,C/C,G/G,G/G,T/T,G/G,G/G,G/G,A/A,C/C,C/T,C/C,C/C,A/A
*4A/*6,C/C,C/C,T/T,G/G,C/C,G/G,G/A,C/C,T/T,T/T,A/A,A/A,A/A,C/C,C/C,G/G,A/A,A/A,T/T,G/A,G/G,G/G,G/G,G/G,G/G,C/C,G/G,G/G,T/T,G/G,G/G,G/G,A/A,C/C,C/C,C/C,C/C,A/A
*4A/*7,C/C,C/C,T/T,G/G,C/C,G/G,G/A,C/C,T/T,T/T,A/A,A/A,A/A,C/C,C/C,G/G,A/A,A/A,T/T,G/G,G/G,G/G,G/G,G/G,G/G,C/C,G/G,G/G,T/A,G/G,G/G,G/G,A/A,C/C,C/C,C/C,C/C,A/A
*4A/*8,C/C,C/C,T/T,G/G,C/C,G/G,G/A,C/C,T/T,T/T,A/A,A/A,A/A,C/C,C/C,G/G,A/A,A/A,T/C,G/G,G/G,G/G,G/G,G/G,G/G,C/C,G/G,G/G,T/T,G/G,G/G,G/G,A/A,C/C,C/C,C/C,C/C,A/A
*4A/*9,C/C,C/C,T/T,G/G,C/C,G/G,G/A,C/C,T/T,T/T,A/A,A/A,A/A,C/C,C/C,G/G,A/A,A/A,T/T,G/G,G/A,G/G,G/G,G/G,G/G,C/C,G/G,G/G,T/T,G/G,G/G,G/G,A/A,C/C,C/C,C/C,C/C,A/A
*4A/*10,C/C,C/C,T/T,G/G,C/C,G/G,G/A,C/C,T/T,T/T,A/A,A/A,A/A,C/C,C/C,G/G,A/A,A/A,T/T,G/G,G/G,G/G,G/G,G/G,G/G,C/T,G/G,G/G,T/T,G/G,G/G,G/G,A/A,C/C,C/C,C/C,C/C,A/A
*4A/*11,C/C,C/q,T/T,G/G,C/C,G/G,G/A,C/C,T/T,T/T,A/A,A/A,A/A,C/C,C/C,G/G,A/A,A/A,T/T,G/G,G/G,G/A,G/G,G/G,G/G,C/C,G/G,G/G,T/T,G/G,G/G,G/G,A/A,C/C,C/C,C/C,C/C,A/A
*4A/*12,C/C,C/C,T/T,G/G,C/C,G/G,G/A,C/C,T/T,T/T,A/A,A/A,A/A,C/C,C/C,G/G,A/A,A/A,T/T,G/G,G/G,G/G,G/G,G/G,G/G,C/C,G/G,G/G,T/T,G/G,G/G,G/G,A/A,C/C,C/C,C/C,C/C,A/C
*4A/*13,C/C,C/C,T/T,G/G,C/C,G/G,G/A,C/C,T/T,T/T,A/A,A/A,A/A,C/C,C/C,G/G,A/A,A/A,T/T,G/G,G/G,G/G,G/G,G/G,G/G,C/C,G/G,G/G,T/T,G/G,G/G,G/G,A/A,C/T,C/C,C/C,C/C,A/A
*4A/*14,C/C,C/C,T/T,G/G,C/C,G/G,G/A,C/C,T/T,T/C,A/A,A/A,A/A,C/C,C/C,G/G,A/A,A/A,T/T,G/G,G/G,G/G,G/G,G/G,G/G,C/C,G/G,G/G,T/T,G/G,G/G,G/G,A/A,C/C,C/C,C/C,C/C,A/A
*4A/*15,C/C,C/C,T/T,G/G,C/C,G/G,G/A,C/C,T/T,T/T,A/C,A/A,A/A,C/C,C/C,G/G,A/A,A/A,T/T,G/G,G/G,G/G,G/G,G/G,G/G,C/C,G/G,G/G,T/T,G/G,G/G,G/G,A/A,C/C,C/C,C/C,C/C,A/A
*4A/*16,C/C,C/C,T/T,G/G,C/C,G/G,G/A,C/C,T/T,T/T,A/A,A/A,A/A,C/C,C/C,G/G,A/A,A/A,T/T,G/G,G/G,G/G,G/G,G/G,G/G,C/C,G/G,G/G,T/T,G/G,G/G,G/G,A/A,C/C,C/C,C/T,C/C,A/A
*4A/*17,C/C,C/C,T/T,G/G,C/T,G/G,G/A,C/C,T/T,T/T,A/A,A/A,A/A,C/C,C/C,G/G,A/A,A/A,T/T,G/G,G/G,G/G,G/G,G/G,G/G,C/C,G/G,G/G,T/T,G/G,G/G,G/G,A/A,C/C,C/C,C/C,C/C,A/A
*4A/*18,C/C,C/C,T/T,G/G,C/C,G/G,G/A,C/C,T/T,T/T,A/A,A/A,A/A,C/C,C/C,G/G,A/A,A/A,T/T,G/G,G/G,G/G,G/G,G/G,G/G,C/C,G/G,G/G,T/T,G/A,G/G,G/G,A/A,C/C,C/C,C/C,C/C,A/A
*4A/*19,C/C,C/C,T/T,G/G,C/C,G/G,G/A,C/C,T/T,T/T,A/A,A/A,A/G,C/C,C/C,G/G,A/A,A/A,T/T,G/G,G/G,G/G,G/G,G/G,G/G,C/C,G/G,G/G,T/T,G/G,G/G,G/G,A/A,C/C,C/C,C/C,C/C,A/A
*4A/*22,C/C,C/C,T/T,G/G,C/C,G/G,G/A,C/C,T/T,T/T,A/A,A/A,A/A,C/C,C/C,G/G,A/A,A/A,T/T,G/G,G/G,G/G,G/C,G/G,G/G,C/C,G/G,G/G,T/T,G/G,G/G,G/G,A/A,C/C,C/C,C/C,C/C,A/A
*4A/*23,C/C,C/C,T/T,G/G,C/C,G/G,G/A,C/C,T/T,T/T,A/A,A/A,A/A,C/C,C/C,G/C,A/A,A/A,T/T,G/G,G/G,G/G,G/G,G/G,G/G,C/C,G/G,G/G,T/T,G/G,G/G,G/G,A/A,C/C,C/C,C/C,C/C,A/A
*4A/*24,C/C,C/C,T/T,G/G,C/C,G/G,G/A,C/C,T/T,T/T,A/A,A/A,A/A,C/C,C/C,G/G,A/A,A/A,T/T,G/G,G/G,G/G,G/G,G/G,G/G,C/C,G/G,G/G,T/T,G/G,G/A,G/G,A/G,C/C,C/C,C/C,C/C,A/A
*4A/*25,C/C,C/C,T/T,G/G,C/C,G/G,G/A,C/C,T/T,T/T,A/A,A/A,A/A,C/C,C/C,G/G,A/A,A/A,T/T,G/G,G/G,G/G,G/G,G/G,G/G,C/C,G/G,G/G,T/T,G/G,G/G,G/G,A/A,C/C,C/C,C/C,C/G,A/A
*4A/*26,C/C,C/C,T/T,G/G,C/C,G/G,G/A,C/C,T/T,T/T,A/A,A/A,A/A,C/C,C/C,G/G,A/A,A/A,T/T,G/G,G/G,G/G,G/G,G/G,G/G,C/C,G/G,G/A,T/T,G/G,G/G,G/G,A/A,C/C,C/C,C/C,C/C,A/A
*4A/*27,C/C,C/C,T/T,G/A,C/C,G/G,G/A,C/C,T/T,T/T,A/A,A/A,A/A,C/C,C/C,G/G,A/A,A/A,T/T,G/G,G/G,G/G,G/G,G/G,G/G,C/C,G/G,G/G,T/T,G/G,G/G,G/G,A/A,C/C,C/C,C/C,C/C,A/A
*4A/*28,C/T,C/A,T/C,G/G,C/C,G/G,G/A,C/C,T/T,T/T,A/C,A/A,A/A,C/C,C/C,G/G,A/A,A/A,T/T,G/G,G/G,G/G,G/G,G/G,G/G,C/C,G/G,G/G,T/T,G/G,G/G,G/A,A/A,C/C,C/C,C/C,C/C,A/A
*4A/*29,C/C,C/C,T/T,G/G,C/C,G/G,G/A,C/C,T/T,T/T,A/A,A/T,A/A,C/C,C/C,G/G,A/A,A/A,T/T,G/G,G/G,G/G,G/G,G/G,G/G,C/C,G/G,G/G,T/T,G/G,G/G,G/G,A/A,C/C,C/C,C/C,C/C,A/A
*4A/*30,C/C,C/C,T/T,G/G,C/C,G/G,G/A,C/C,T/T,T/T,A/A,A/A,A/A,C/T,C/C,G/G,A/A,A/A,T/T,G/G,G/G,G/G,G/G,G/G,G/G,C/C,G/G,G/G,T/T,G/G,G/G,G/G,A/A,C/C,C/C,C/C,C/C,A/A
*4A/*31,C/C,C/C,T/T,G/G,C/C,G/G,G/A,C/C,T/T,T/T,A/A,A/A,A/A,C/C,C/T,G/G,A/A,A/A,T/T,G/G,G/G,G/G,G/G,G/G,G/G,C/C,G/G,G/G,T/T,G/G,G/G,G/G,A/A,C/C,C/C,C/C,C/C,A/A
*4A/*32,C/C,C/C,T/T,G/G,C/C,G/G,G/A,C/C,T/T,T/T,A/A,A/A,A/A,C/C,C/C,G/G,A/G,A/A,T/T,G/G,G/G,G/G,G/G,G/G,G/G,C/C,G/G,G/G,T/T,G/G,G/G,G/G,A/A,C/C,C/C,C/C,C/C,A/A
*4A/*33,C/C,C/C,T/T,G/G,C/C,G/G,G/A,C/C,T/T,T/T,A/A,A/A,A/A,C/C,C/C,G/G,A/A,A/A,T/T,G/G,G/G,G/G,G/G,G/A,G/G,C/C,G/G,G/G,T/T,G/G,G/G,G/G,A/A,C/C,C/C,C/C,C/C,A/A
*4A/*34,C/C,C/C,T/T,G/G,C/C,G/A,G/A,C/T,T/C,T/T,A/A,A/A,A/A,C/C,C/C,G/G,A/A,A/A,T/T,G/G,G/G,G/G,G/G,G/G,G/G,C/C,G/G,G/G,T/T,G/G,G/G,G/G,A/A,C/C,C/C,C/C,C/C,A/A
*4A/*35,C/C,C/C,T/T,G/G,C/C,G/G,G/A,C/C,T/T,T/T,A/A,A/A,A/A,C/C,C/C,G/G,A/A,A/G,T/T,G/G,G/G,G/G,G/G,G/G,G/G,C/C,G/G,G/G,T/T,G/G,G/G,G/G,A/A,C/C,C/C,C/C,C/C,A/A
*4B/*4B,C/C,C/C,T/T,G/G,T/T,G/G,G/G,C/C,T/T,T/T,A/A,A/A,A/A,C/C,C/C,G/G,A/A,A/A,T/T,G/G,G/G,G/G,G/G,G/G,G/G,C/C,G/G,G/G,T/T,G/G,G/G,G/G,A/A,C/C,C/C,C/C,C/C,A/A
*4B/*5,C/C,C/C,T/T,G/G,T/C,G/G,G/A,C/C,T/T,T/T,A/A,A/A,A/A,C/C,C/C,G/G,A/A,A/A,T/T,G/G,G/G,G/G,G/G,G/G,G/G,C/C,G/G,G/G,T/T,G/G,G/G,G/G,A/A,C/C,C/T,C/C,C/C,A/A
*4B/*6,C/C,C/C,T/T,G/G,T/C,G/G,G/A,C/C,T/T,T/T,A/A,A/A,A/A,C/C,C/C,G/G,A/A,A/A,T/T,G/A,G/G,G/G,G/G,G/G,G/G,C/C,G/G,G/G,T/T,G/G,G/G,G/G,A/A,C/C,C/C,C/C,C/C,A/A
*4B/*7,C/C,C/C,T/T,G/G,T/C,G/G,G/A,C/C,T/T,T/T,A/A,A/A,A/A,C/C,C/C,G/G,A/A,A/A,T/T,G/G,G/G,G/G,G/G,G/G,G/G,C/C,G/G,G/G,T/A,G/G,G/G,G/G,A/A,C/C,C/C,C/C,C/C,A/A
*4B/*8,C/C,C/C,T/T,G/G,T/C,G/G,G/A,C/C,T/T,T/T,A/A,A/A,A/A,C/C,C/C,G/G,A/A,A/A,T/C,G/G,G/G,G/G,G/G,G/G,G/G,C/C,G/G,G/G,T/T,G/G,G/G,G/G,A/A,C/C,C/C,C/C,C/C,A/A
*4B/*9,C/C,C/C,T/T,G/G,T/C,G/G,G/A,C/C,T/T,T/T,A/A,A/A,A/A,C/C,C/C,G/G,A/A,A/A,T/T,G/G,G/A,G/G,G/G,G/G,G/G,C/C,G/G,G/G,T/T,G/G,G/G,G/G,A/A,C/C,C/C,C/C,C/C,A/A
*4B/*10,C/C,C/C,T/T,G/G,T/C,G/G,G/A,C/C,T/T,T/T,A/A,A/A,A/A,C/C,C/C,G/G,A/A,A/A,T/T,G/G,G/G,G/G,G/G,G/G,G/G,C/T,G/G,G/G,T/T,G/G,G/G,G/G,A/A,C/C,C/C,C/C,C/C,A/A
*4B/*11,C/C,C/q,T/T,G/G,T/C,G/G,G/A,C/C,T/T,T/T,A/A,A/A,A/A,C/C,C/C,G/G,A/A,A/A,T/T,G/G,G/G,G/A,G/G,G/G,G/G,C/C,G/G,G/G,T/T,G/G,G/G,G/G,A/A,C/C,C/C,C/C,C/C,A/A
*4B/*12,C/C,C/C,T/T,G/G,T/C,G/G,G/A,C/C,T/T,T/T,A/A,A/A,A/A,C/C,C/C,G/G,A/A,A/A,T/T,G/G,G/G,G/G,G/G,G/G,G/G,C/C,G/G,G/G,T/T,G/G,G/G,G/G,A/A,C/C,C/C,C/C,C/C,A/C
*4B/*13,C/C,C/C,T/T,G/G,T/C,G/G,G/A,C/C,T/T,T/T,A/A,A/A,A/A,C/C,C/C,G/G,A/A,A/A,T/T,G/G,G/G,G/G,G/G,G/G,G/G,C/C,G/G,G/G,T/T,G/G,G/G,G/G,A/A,C/T,C/C,C/C,C/C,A/A
*4B/*14,C/C,C/C,T/T,G/G,T/C,G/G,G/A,C/C,T/T,T/C,A/A,A/A,A/A,C/C,C/C,G/G,A/A,A/A,T/T,G/G,G/G,G/G,G/G,G/G,G/G,C/C,G/G,G/G,T/T,G/G,G/G,G/G,A/A,C/C,C/C,C/C,C/C,A/A
*4B/*15,C/C,C/C,T/T,G/G,T/C,G/G,G/A,C/C,T/T,T/T,A/C,A/A,A/A,C/C,C/C,G/G,A/A,A/A,T/T,G/G,G/G,G/G,G/G,G/G,G/G,C/C,G/G,G/G,T/T,G/G,G/G,G/G,A/A,C/C,C/C,C/C,C/C,A/A
*4B/*16,C/C,C/C,T/T,G/G,T/C,G/G,G/A,C/C,T/T,T/T,A/A,A/A,A/A,C/C,C/C,G/G,A/A,A/A,T/T,G/G,G/G,G/G,G/G,G/G,G/G,C/C,G/G,G/G,T/T,G/G,G/G,G/G,A/A,C/C,C/C,C/T,C/C,A/A
*4B/*17,C/C,C/C,T/T,G/G,T/T,G/G,G/A,C/C,T/T,T/T,A/A,A/A,A/A,C/C,C/C,G/G,A/A,A/A,T/T,G/G,G/G,G/G,G/G,G/G,G/G,C/C,G/G,G/G,T/T,G/G,G/G,G/G,A/A,C/C,C/C,C/C,C/C,A/A
*4B/*18,C/C,C/C,T/T,G/G,T/C,G/G,G/A,C/C,T/T,T/T,A/A,A/A,A/A,C/C,C/C,G/G,A/A,A/A,T/T,G/G,G/G,G/G,G/G,G/G,G/G,C/C,G/G,G/G,T/T,G/A,G/G,G/G,A/A,C/C,C/C,C/C,C/C,A/A
*4B/*19,C/C,C/C,T/T,G/G,T/C,G/G,G/A,C/C,T/T,T/T,A/A,A/A,A/G,C/C,C/C,G/G,A/A,A/A,T/T,G/G,G/G,G/G,G/G,G/G,G/G,C/C,G/G,G/G,T/T,G/G,G/G,G/G,A/A,C/C,C/C,C/C,C/C,A/A
*4B/*22,C/C,C/C,T/T,G/G,T/C,G/G,G/A,C/C,T/T,T/T,A/A,A/A,A/A,C/C,C/C,G/G,A/A,A/A,T/T,G/G,G/G,G/G,G/C,G/G,G/G,C/C,G/G,G/G,T/T,G/G,G/G,G/G,A/A,C/C,C/C,C/C,C/C,A/A
*4B/*23,C/C,C/C,T/T,G/G,T/C,G/G,G/A,C/C,T/T,T/T,A/A,A/A,A/A,C/C,C/C,G/C,A/A,A/A,T/T,G/G,G/G,G/G,G/G,G/G,G/G,C/C,G/G,G/G,T/T,G/G,G/G,G/G,A/A,C/C,C/C,C/C,C/C,A/A
*4B/*24,C/C,C/C,T/T,G/G,T/C,G/G,G/A,C/C,T/T,T/T,A/A,A/A,A/A,C/C,C/C,G/G,A/A,A/A,T/T,G/G,G/G,G/G,G/G,G/G,G/G,C/C,G/G,G/G,T/T,G/G,G/A,G/G,A/G,C/C,C/C,C/C,C/C,A/A
*4B/*25,C/C,C/C,T/T,G/G,T/C,G/G,G/A,C/C,T/T,T/T,A/A,A/A,A/A,C/C,C/C,G/G,A/A,A/A,T/T,G/G,G/G,G/G,G/G,G/G,G/G,C/C,G/G,G/G,T/T,G/G,G/G,G/G,A/A,C/C,C/C,C/C,C/G,A/A
*4B/*26,C/C,C/C,T/T,G/G,T/C,G/G,G/A,C/C,T/T,T/T,A/A,A/A,A/A,C/C,C/C,G/G,A/A,A/A,T/T,G/G,G/G,G/G,G/G,G/G,G/G,C/C,G/G,G/A,T/T,G/G,G/G,G/G,A/A,C/C,C/C,C/C,C/C,A/A
*4B/*27,C/C,C/C,T/T,G/A,T/C,G/G,G/A,C/C,T/T,T/T,A/A,A/A,A/A,C/C,C/C,G/G,A/A,A/A,T/T,G/G,G/G,G/G,G/G,G/G,G/G,C/C,G/G,G/G,T/T,G/G,G/G,G/G,A/A,C/C,C/C,C/C,C/C,A/A
*4B/*28,C/T,C/A,T/C,G/G,T/C,G/G,G/A,C/C,T/T,T/T,A/C,A/A,A/A,C/C,C/C,G/G,A/A,A/A,T/T,G/G,G/G,G/G,G/G,G/G,G/G,C/C,G/G,G/G,T/T,G/G,G/G,G/A,A/A,C/C,C/C,C/C,C/C,A/A
*4B/*29,C/C,C/C,T/T,G/G,T/C,G/G,G/A,C/C,T/T,T/T,A/A,A/T,A/A,C/C,C/C,G/G,A/A,A/A,T/T,G/G,G/G,G/G,G/G,G/G,G/G,C/C,G/G,G/G,T/T,G/G,G/G,G/G,A/A,C/C,C/C,C/C,C/C,A/A
*4B/*30,C/C,C/C,T/T,G/G,T/C,G/G,G/A,C/C,T/T,T/T,A/A,A/A,A/A,C/T,C/C,G/G,A/A,A/A,T/T,G/G,G/G,G/G,G/G,G/G,G/G,C/C,G/G,G/G,T/T,G/G,G/G,G/G,A/A,C/C,C/C,C/C,C/C,A/A
*4B/*31,C/C,C/C,T/T,G/G,T/C,G/G,G/A,C/C,T/T,T/T,A/A,A/A,A/A,C/C,C/T,G/G,A/A,A/A,T/T,G/G,G/G,G/G,G/G,G/G,G/G,C/C,G/G,G/G,T/T,G/G,G/G,G/G,A/A,C/C,C/C,C/C,C/C,A/A
*4B/*32,C/C,C/C,T/T,G/G,T/C,G/G,G/A,C/C,T/T,T/T,A/A,A/A,A/A,C/C,C/C,G/G,A/G,A/A,T/T,G/G,G/G,G/G,G/G,G/G,G/G,C/C,G/G,G/G,T/T,G/G,G/G,G/G,A/A,C/C,C/C,C/C,C/C,A/A
*4B/*33,C/C,C/C,T/T,G/G,T/C,G/G,G/A,C/C,T/T,T/T,A/A,A/A,A/A,C/C,C/C,G/G,A/A,A/A,T/T,G/G,G/G,G/G,G/G,G/A,G/G,C/C,G/G,G/G,T/T,G/G,G/G,G/G,A/A,C/C,C/C,C/C,C/C,A/A
*4B/*34,C/C,C/C,T/T,G/G,T/C,G/A,G/A,C/T,T/C,T/T,A/A,A/A,A/A,C/C,C/C,G/G,A/A,A/A,T/T,G/G,G/G,G/G,G/G,G/G,G/G,C/C,G/G,G/G,T/T,G/G,G/G,G/G,A/A,C/C,C/C,C/C,C/C,A/A
*4B/*35,C/C,C/C,T/T,G/G,T/C,G/G,G/A,C/C,T/T,T/T,A/A,A/A,A/A,C/C,C/C,G/G,A/A,A/G,T/T,G/G,G/G,G/G,G/G,G/G,G/G,C/C,G/G,G/G,T/T,G/G,G/G,G/G,A/A,C/C,C/C,C/C,C/C,A/A
*5/*5,C/C,C/C,T/T,G/G,C/C,G/G,A/A,C/C,T/T,T/T,A/A,A/A,A/A,C/C,C/C,G/G,A/A,A/A,T/T,G/G,G/G,G/G,G/G,G/G,G/G,C/C,G/G,G/G,T/T,G/G,G/G,G/G,A/A,C/C,T/T,C/C,C/C,A/A
*5/*6,C/C,C/C,T/T,G/G,C/C,G/G,A/A,C/C,T/T,T/T,A/A,A/A,A/A,C/C,C/C,G/G,A/A,A/A,T/T,G/A,G/G,G/G,G/G,G/G,G/G,C/C,G/G,G/G,T/T,G/G,G/G,G/G,A/A,C/C,T/C,C/C,C/C,A/A
*5/*7,C/C,C/C,T/T,G/G,C/C,G/G,A/A,C/C,T/T,T/T,A/A,A/A,A/A,C/C,C/C,G/G,A/A,A/A,T/T,G/G,G/G,G/G,G/G,G/G,G/G,C/C,G/G,G/G,T/A,G/G,G/G,G/G,A/A,C/C,T/C,C/C,C/C,A/A
*5/*8,C/C,C/C,T/T,G/G,C/C,G/G,A/A,C/C,T/T,T/T,A/A,A/A,A/A,C/C,C/C,G/G,A/A,A/A,T/C,G/G,G/G,G/G,G/G,G/G,G/G,C/C,G/G,G/G,T/T,G/G,G/G,G/G,A/A,C/C,T/C,C/C,C/C,A/A
*5/*9,C/C,C/C,T/T,G/G,C/C,G/G,A/A,C/C,T/T,T/T,A/A,A/A,A/A,C/C,C/C,G/G,A/A,A/A,T/T,G/G,G/A,G/G,G/G,G/G,G/G,C/C,G/G,G/G,T/T,G/G,G/G,G/G,A/A,C/C,T/C,C/C,C/C,A/A
*5/*10,C/C,C/C,T/T,G/G,C/C,G/G,A/A,C/C,T/T,T/T,A/A,A/A,A/A,C/C,C/C,G/G,A/A,A/A,T/T,G/G,G/G,G/G,G/G,G/G,G/G,C/T,G/G,G/G,T/T,G/G,G/G,G/G,A/A,C/C,T/C,C/C,C/C,A/A
*5/*11,C/C,C/q,T/T,G/G,C/C,G/G,A/A,C/C,T/T,T/T,A/A,A/A,A/A,C/C,C/C,G/G,A/A,A/A,T/T,G/G,G/G,G/A,G/G,G/G,G/G,C/C,G/G,G/G,T/T,G/G,G/G,G/G,A/A,C/C,T/C,C/C,C/C,A/A
*5/*12,C/C,C/C,T/T,G/G,C/C,G/G,A/A,C/C,T/T,T/T,A/A,A/A,A/A,C/C,C/C,G/G,A/A,A/A,T/T,G/G,G/G,G/G,G/G,G/G,G/G,C/C,G/G,G/G,T/T,G/G,G/G,G/G,A/A,C/C,T/C,C/C,C/C,A/C
*5/*13,C/C,C/C,T/T,G/G,C/C,G/G,A/A,C/C,T/T,T/T,A/A,A/A,A/A,C/C,C/C,G/G,A/A,A/A,T/T,G/G,G/G,G/G,G/G,G/G,G/G,C/C,G/G,G/G,T/T,G/G,G/G,G/G,A/A,C/T,T/C,C/C,C/C,A/A
*5/*14,C/C,C/C,T/T,G/G,C/C,G/G,A/A,C/C,T/T,T/C,A/A,A/A,A/A,C/C,C/C,G/G,A/A,A/A,T/T,G/G,G/G,G/G,G/G,G/G,G/G,C/C,G/G,G/G,T/T,G/G,G/G,G/G,A/A,C/C,T/C,C/C,C/C,A/A
*5/*15,C/C,C/C,T/T,G/G,C/C,G/G,A/A,C/C,T/T,T/T,A/C,A/A,A/A,C/C,C/C,G/G,A/A,A/A,T/T,G/G,G/G,G/G,G/G,G/G,G/G,C/C,G/G,G/G,T/T,G/G,G/G,G/G,A/A,C/C,T/C,C/C,C/C,A/A
*5/*16,C/C,C/C,T/T,G/G,C/C,G/G,A/A,C/C,T/T,T/T,A/A,A/A,A/A,C/C,C/C,G/G,A/A,A/A,T/T,G/G,G/G,G/G,G/G,G/G,G/G,C/C,G/G,G/G,T/T,G/G,G/G,G/G,A/A,C/C,T/C,C/T,C/C,A/A
*5/*17,C/C,C/C,T/T,G/G,C/T,G/G,A/A,C/C,T/T,T/T,A/A,A/A,A/A,C/C,C/C,G/G,A/A,A/A,T/T,G/G,G/G,G/G,G/G,G/G,G/G,C/C,G/G,G/G,T/T,G/G,G/G,G/G,A/A,C/C,T/C,C/C,C/C,A/A
*5/*18,C/C,C/C,T/T,G/G,C/C,G/G,A/A,C/C,T/T,T/T,A/A,A/A,A/A,C/C,C/C,G/G,A/A,A/A,T/T,G/G,G/G,G/G,G/G,G/G,G/G,C/C,G/G,G/G,T/T,G/A,G/G,G/G,A/A,C/C,T/C,C/C,C/C,A/A
*5/*19,C/C,C/C,T/T,G/G,C/C,G/G,A/A,C/C,T/T,T/T,A/A,A/A,A/G,C/C,C/C,G/G,A/A,A/A,T/T,G/G,G/G,G/G,G/G,G/G,G/G,C/C,G/G,G/G,T/T,G/G,G/G,G/G,A/A,C/C,T/C,C/C,C/C,A/A
*5/*22,C/C,C/C,T/T,G/G,C/C,G/G,A/A,C/C,T/T,T/T,A/A,A/A,A/A,C/C,C/C,G/G,A/A,A/A,T/T,G/G,G/G,G/G,G/C,G/G,G/G,C/C,G/G,G/G,T/T,G/G,G/G,G/G,A/A,C/C,T/C,C/C,C/C,A/A
*5/*23,C/C,C/C,T/T,G/G,C/C,G/G,A/A,C/C,T/T,T/T,A/A,A/A,A/A,C/C,C/C,G/C,A/A,A/A,T/T,G/G,G/G,G/G,G/G,G/G,G/G,C/C,G/G,G/G,T/T,G/G,G/G,G/G,A/A,C/C,T/C,C/C,C/C,A/A
*5/*24,C/C,C/C,T/T,G/G,C/C,G/G,A/A,C/C,T/T,T/T,A/A,A/A,A/A,C/C,C/C,G/G,A/A,A/A,T/T,G/G,G/G,G/G,G/G,G/G,G/G,C/C,G/G,G/G,T/T,G/G,G/A,G/G,A/G,C/C,T/C,C/C,C/C,A/A
*5/*25,C/C,C/C,T/T,G/G,C/C,G/G,A/A,C/C,T/T,T/T,A/A,A/A,A/A,C/C,C/C,G/G,A/A,A/A,T/T,G/G,G/G,G/G,G/G,G/G,G/G,C/C,G/G,G/G,T/T,G/G,G/G,G/G,A/A,C/C,T/C,C/C,C/G,A/A
*5/*26,C/C,C/C,T/T,G/G,C/C,G/G,A/A,C/C,T/T,T/T,A/A,A/A,A/A,C/C,C/C,G/G,A/A,A/A,T/T,G/G,G/G,G/G,G/G,G/G,G/G,C/C,G/G,G/A,T/T,G/G,G/G,G/G,A/A,C/C,T/C,C/C,C/C,A/A
*5/*27,C/C,C/C,T/T,G/A,C/C,G/G,A/A,C/C,T/T,T/T,A/A,A/A,A/A,C/C,C/C,G/G,A/A,A/A,T/T,G/G,G/G,G/G,G/G,G/G,G/G,C/C,G/G,G/G,T/T,G/G,G/G,G/G,A/A,C/C,T/C,C/C,C/C,A/A
*5/*28,C/T,C/A,T/C,G/G,C/C,G/G,A/A,C/C,T/T,T/T,A/C,A/A,A/A,C/C,C/C,G/G,A/A,A/A,T/T,G/G,G/G,G/G,G/G,G/G,G/G,C/C,G/G,G/G,T/T,G/G,G/G,G/A,A/A,C/C,T/C,C/C,C/C,A/A
*5/*29,C/C,C/C,T/T,G/G,C/C,G/G,A/A,C/C,T/T,T/T,A/A,A/T,A/A,C/C,C/C,G/G,A/A,A/A,T/T,G/G,G/G,G/G,G/G,G/G,G/G,C/C,G/G,G/G,T/T,G/G,G/G,G/G,A/A,C/C,T/C,C/C,C/C,A/A
*5/*30,C/C,C/C,T/T,G/G,C/C,G/G,A/A,C/C,T/T,T/T,A/A,A/A,A/A,C/T,C/C,G/G,A/A,A/A,T/T,G/G,G/G,G/G,G/G,G/G,G/G,C/C,G/G,G/G,T/T,G/G,G/G,G/G,A/A,C/C,T/C,C/C,C/C,A/A
*5/*31,C/C,C/C,T/T,G/G,C/C,G/G,A/A,C/C,T/T,T/T,A/A,A/A,A/A,C/C,C/T,G/G,A/A,A/A,T/T,G/G,G/G,G/G,G/G,G/G,G/G,C/C,G/G,G/G,T/T,G/G,G/G,G/G,A/A,C/C,T/C,C/C,C/C,A/A
*5/*32,C/C,C/C,T/T,G/G,C/C,G/G,A/A,C/C,T/T,T/T,A/A,A/A,A/A,C/C,C/C,G/G,A/G,A/A,T/T,G/G,G/G,G/G,G/G,G/G,G/G,C/C,G/G,G/G,T/T,G/G,G/G,G/G,A/A,C/C,T/C,C/C,C/C,A/A
*5/*33,C/C,C/C,T/T,G/G,C/C,G/G,A/A,C/C,T/T,T/T,A/A,A/A,A/A,C/C,C/C,G/G,A/A,A/A,T/T,G/G,G/G,G/G,G/G,G/A,G/G,C/C,G/G,G/G,T/T,G/G,G/G,G/G,A/A,C/C,T/C,C/C,C/C,A/A
*5/*34,C/C,C/C,T/T,G/G,C/C,G/A,A/A,C/T,T/C,T/T,A/A,A/A,A/A,C/C,C/C,G/G,A/A,A/A,T/T,G/G,G/G,G/G,G/G,G/G,G/G,C/C,G/G,G/G,T/T,G/G,G/G,G/G,A/A,C/C,T/C,C/C,C/C,A/A
*5/*35,C/C,C/C,T/T,G/G,C/C,G/G,A/A,C/C,T/T,T/T,A/A,A/A,A/A,C/C,C/C,G/G,A/A,A/G,T/T,G/G,G/G,G/G,G/G,G/G,G/G,C/C,G/G,G/G,T/T,G/G,G/G,G/G,A/A,C/C,T/C,C/C,C/C,A/A
*6/*6,C/C,C/C,T/T,G/G,C/C,G/G,A/A,C/C,T/T,T/T,A/A,A/A,A/A,C/C,C/C,G/G,A/A,A/A,T/T,A/A,G/G,G/G,G/G,G/G,G/G,C/C,G/G,G/G,T/T,G/G,G/G,G/G,A/A,C/C,C/C,C/C,C/C,A/A
*6/*7,C/C,C/C,T/T,G/G,C/C,G/G,A/A,C/C,T/T,T/T,A/A,A/A,A/A,C/C,C/C,G/G,A/A,A/A,T/T,A/G,G/G,G/G,G/G,G/G,G/G,C/C,G/G,G/G,T/A,G/G,G/G,G/G,A/A,C/C,C/C,C/C,C/C,A/A
*6/*8,C/C,C/C,T/T,G/G,C/C,G/G,A/A,C/C,T/T,T/T,A/A,A/A,A/A,C/C,C/C,G/G,A/A,A/A,T/C,A/G,G/G,G/G,G/G,G/G,G/G,C/C,G/G,G/G,T/T,G/G,G/G,G/G,A/A,C/C,C/C,C/C,C/C,A/A
*6/*9,C/C,C/C,T/T,G/G,C/C,G/G,A/A,C/C,T/T,T/T,A/A,A/A,A/A,C/C,C/C,G/G,A/A,A/A,T/T,A/G,G/A,G/G,G/G,G/G,G/G,C/C,G/G,G/G,T/T,G/G,G/G,G/G,A/A,C/C,C/C,C/C,C/C,A/A
*6/*10,C/C,C/C,T/T,G/G,C/C,G/G,A/A,C/C,T/T,T/T,A/A,A/A,A/A,C/C,C/C,G/G,A/A,A/A,T/T,A/G,G/G,G/G,G/G,G/G,G/G,C/T,G/G,G/G,T/T,G/G,G/G,G/G,A/A,C/C,C/C,C/C,C/C,A/A
*6/*11,C/C,C/q,T/T,G/G,C/C,G/G,A/A,C/C,T/T,T/T,A/A,A/A,A/A,C/C,C/C,G/G,A/A,A/A,T/T,A/G,G/G,G/A,G/G,G/G,G/G,C/C,G/G,G/G,T/T,G/G,G/G,G/G,A/A,C/C,C/C,C/C,C/C,A/A
*6/*12,C/C,C/C,T/T,G/G,C/C,G/G,A/A,C/C,T/T,T/T,A/A,A/A,A/A,C/C,C/C,G/G,A/A,A/A,T/T,A/G,G/G,G/G,G/G,G/G,G/G,C/C,G/G,G/G,T/T,G/G,G/G,G/G,A/A,C/C,C/C,C/C,C/C,A/C
*6/*13,C/C,C/C,T/T,G/G,C/C,G/G,A/A,C/C,T/T,T/T,A/A,A/A,A/A,C/C,C/C,G/G,A/A,A/A,T/T,A/G,G/G,G/G,G/G,G/G,G/G,C/C,G/G,G/G,T/T,G/G,G/G,G/G,A/A,C/T,C/C,C/C,C/C,A/A
*6/*14,C/C,C/C,T/T,G/G,C/C,G/G,A/A,C/C,T/T,T/C,A/A,A/A,A/A,C/C,C/C,G/G,A/A,A/A,T/T,A/G,G/G,G/G,G/G,G/G,G/G,C/C,G/G,G/G,T/T,G/G,G/G,G/G,A/A,C/C,C/C,C/C,C/C,A/A
*6/*15,C/C,C/C,T/T,G/G,C/C,G/G,A/A,C/C,T/T,T/T,A/C,A/A,A/A,C/C,C/C,G/G,A/A,A/A,T/T,A/G,G/G,G/G,G/G,G/G,G/G,C/C,G/G,G/G,T/T,G/G,G/G,G/G,A/A,C/C,C/C,C/C,C/C,A/A
*6/*16,C/C,C/C,T/T,G/G,C/C,G/G,A/A,C/C,T/T,T/T,A/A,A/A,A/A,C/C,C/C,G/G,A/A,A/A,T/T,A/G,G/G,G/G,G/G,G/G,G/G,C/C,G/G,G/G,T/T,G/G,G/G,G/G,A/A,C/C,C/C,C/T,C/C,A/A
*6/*17,C/C,C/C,T/T,G/G,C/T,G/G,A/A,C/C,T/T,T/T,A/A,A/A,A/A,C/C,C/C,G/G,A/A,A/A,T/T,A/G,G/G,G/G,G/G,G/G,G/G,C/C,G/G,G/G,T/T,G/G,G/G,G/G,A/A,C/C,C/C,C/C,C/C,A/A
*6/*18,C/C,C/C,T/T,G/G,C/C,G/G,A/A,C/C,T/T,T/T,A/A,A/A,A/A,C/C,C/C,G/G,A/A,A/A,T/T,A/G,G/G,G/G,G/G,G/G,G/G,C/C,G/G,G/G,T/T,G/A,G/G,G/G,A/A,C/C,C/C,C/C,C/C,A/A
*6/*19,C/C,C/C,T/T,G/G,C/C,G/G,A/A,C/C,T/T,T/T,A/A,A/A,A/G,C/C,C/C,G/G,A/A,A/A,T/T,A/G,G/G,G/G,G/G,G/G,G/G,C/C,G/G,G/G,T/T,G/G,G/G,G/G,A/A,C/C,C/C,C/C,C/C,A/A
*6/*22,C/C,C/C,T/T,G/G,C/C,G/G,A/A,C/C,T/T,T/T,A/A,A/A,A/A,C/C,C/C,G/G,A/A,A/A,T/T,A/G,G/G,G/G,G/C,G/G,G/G,C/C,G/G,G/G,T/T,G/G,G/G,G/G,A/A,C/C,C/C,C/C,C/C,A/A
*6/*23,C/C,C/C,T/T,G/G,C/C,G/G,A/A,C/C,T/T,T/T,A/A,A/A,A/A,C/C,C/C,G/C,A/A,A/A,T/T,A/G,G/G,G/G,G/G,G/G,G/G,C/C,G/G,G/G,T/T,G/G,G/G,G/G,A/A,C/C,C/C,C/C,C/C,A/A
*6/*24,C/C,C/C,T/T,G/G,C/C,G/G,A/A,C/C,T/T,T/T,A/A,A/A,A/A,C/C,C/C,G/G,A/A,A/A,T/T,A/G,G/G,G/G,G/G,G/G,G/G,C/C,G/G,G/G,T/T,G/G,G/A,G/G,A/G,C/C,C/C,C/C,C/C,A/A
*6/*25,C/C,C/C,T/T,G/G,C/C,G/G,A/A,C/C,T/T,T/T,A/A,A/A,A/A,C/C,C/C,G/G,A/A,A/A,T/T,A/G,G/G,G/G,G/G,G/G,G/G,C/C,G/G,G/G,T/T,G/G,G/G,G/G,A/A,C/C,C/C,C/C,C/G,A/A
*6/*26,C/C,C/C,T/T,G/G,C/C,G/G,A/A,C/C,T/T,T/T,A/A,A/A,A/A,C/C,C/C,G/G,A/A,A/A,T/T,A/G,G/G,G/G,G/G,G/G,G/G,C/C,G/G,G/A,T/T,G/G,G/G,G/G,A/A,C/C,C/C,C/C,C/C,A/A
*6/*27,C/C,C/C,T/T,G/A,C/C,G/G,A/A,C/C,T/T,T/T,A/A,A/A,A/A,C/C,C/C,G/G,A/A,A/A,T/T,A/G,G/G,G/G,G/G,G/G,G/G,C/C,G/G,G/G,T/T,G/G,G/G,G/G,A/A,C/C,C/C,C/C,C/C,A/A
*6/*28,C/T,C/A,T/C,G/G,C/C,G/G,A/A,C/C,T/T,T/T,A/C,A/A,A/A,C/C,C/C,G/G,A/A,A/A,T/T,A/G,G/G,G/G,G/G,G/G,G/G,C/C,G/G,G/G,T/T,G/G,G/G,G/A,A/A,C/C,C/C,C/C,C/C,A/A
*6/*29,C/C,C/C,T/T,G/G,C/C,G/G,A/A,C/C,T/T,T/T,A/A,A/T,A/A,C/C,C/C,G/G,A/A,A/A,T/T,A/G,G/G,G/G,G/G,G/G,G/G,C/C,G/G,G/G,T/T,G/G,G/G,G/G,A/A,C/C,C/C,C/C,C/C,A/A
*6/*30,C/C,C/C,T/T,G/G,C/C,G/G,A/A,C/C,T/T,T/T,A/A,A/A,A/A,C/T,C/C,G/G,A/A,A/A,T/T,A/G,G/G,G/G,G/G,G/G,G/G,C/C,G/G,G/G,T/T,G/G,G/G,G/G,A/A,C/C,C/C,C/C,C/C,A/A
*6/*31,C/C,C/C,T/T,G/G,C/C,G/G,A/A,C/C,T/T,T/T,A/A,A/A,A/A,C/C,C/T,G/G,A/A,A/A,T/T,A/G,G/G,G/G,G/G,G/G,G/G,C/C,G/G,G/G,T/T,G/G,G/G,G/G,A/A,C/C,C/C,C/C,C/C,A/A
*6/*32,C/C,C/C,T/T,G/G,C/C,G/G,A/A,C/C,T/T,T/T,A/A,A/A,A/A,C/C,C/C,G/G,A/G,A/A,T/T,A/G,G/G,G/G,G/G,G/G,G/G,C/C,G/G,G/G,T/T,G/G,G/G,G/G,A/A,C/C,C/C,C/C,C/C,A/A
*6/*33,C/C,C/C,T/T,G/G,C/C,G/G,A/A,C/C,T/T,T/T,A/A,A/A,A/A,C/C,C/C,G/G,A/A,A/A,T/T,A/G,G/G,G/G,G/G,G/A,G/G,C/C,G/G,G/G,T/T,G/G,G/G,G/G,A/A,C/C,C/C,C/C,C/C,A/A
*6/*34,C/C,C/C,T/T,G/G,C/C,G/A,A/A,C/T,T/C,T/T,A/A,A/A,A/A,C/C,C/C,G/G,A/A,A/A,T/T,A/G,G/G,G/G,G/G,G/G,G/G,C/C,G/G,G/G,T/T,G/G,G/G,G/G,A/A,C/C,C/C,C/C,C/C,A/A
*6/*35,C/C,C/C,T/T,G/G,C/C,G/G,A/A,C/C,T/T,T/T,A/A,A/A,A/A,C/C,C/C,G/G,A/A,A/G,T/T,A/G,G/G,G/G,G/G,G/G,G/G,C/C,G/G,G/G,T/T,G/G,G/G,G/G,A/A,C/C,C/C,C/C,C/C,A/A
*7/*7,C/C,C/C,T/T,G/G,C/C,G/G,A/A,C/C,T/T,T/T,A/A,A/A,A/A,C/C,C/C,G/G,A/A,A/A,T/T,G/G,G/G,G/G,G/G,G/G,G/G,C/C,G/G,G/G,A/A,G/G,G/G,G/G,A/A,C/C,C/C,C/C,C/C,A/A
*7/*8,C/C,C/C,T/T,G/G,C/C,G/G,A/A,C/C,T/T,T/T,A/A,A/A,A/A,C/C,C/C,G/G,A/A,A/A,T/C,G/G,G/G,G/G,G/G,G/G,G/G,C/C,G/G,G/G,A/T,G/G,G/G,G/G,A/A,C/C,C/C,C/C,C/C,A/A
*7/*9,C/C,C/C,T/T,G/G,C/C,G/G,A/A,C/C,T/T,T/T,A/A,A/A,A/A,C/C,C/C,G/G,A/A,A/A,T/T,G/G,G/A,G/G,G/G,G/G,G/G,C/C,G/G,G/G,A/T,G/G,G/G,G/G,A/A,C/C,C/C,C/C,C/C,A/A
*7/*10,C/C,C/C,T/T,G/G,C/C,G/G,A/A,C/C,T/T,T/T,A/A,A/A,A/A,C/C,C/C,G/G,A/A,A/A,T/T,G/G,G/G,G/G,G/G,G/G,G/G,C/T,G/G,G/G,A/T,G/G,G/G,G/G,A/A,C/C,C/C,C/C,C/C,A/A
*7/*11,C/C,C/q,T/T,G/G,C/C,G/G,A/A,C/C,T/T,T/T,A/A,A/A,A/A,C/C,C/C,G/G,A/A,A/A,T/T,G/G,G/G,G/A,G/G,G/G,G/G,C/C,G/G,G/G,A/T,G/G,G/G,G/G,A/A,C/C,C/C,C/C,C/C,A/A
*7/*12,C/C,C/C,T/T,G/G,C/C,G/G,A/A,C/C,T/T,T/T,A/A,A/A,A/A,C/C,C/C,G/G,A/A,A/A,T/T,G/G,G/G,G/G,G/G,G/G,G/G,C/C,G/G,G/G,A/T,G/G,G/G,G/G,A/A,C/C,C/C,C/C,C/C,A/C
*7/*13,C/C,C/C,T/T,G/G,C/C,G/G,A/A,C/C,T/T,T/T,A/A,A/A,A/A,C/C,C/C,G/G,A/A,A/A,T/T,G/G,G/G,G/G,G/G,G/G,G/G,C/C,G/G,G/G,A/T,G/G,G/G,G/G,A/A,C/T,C/C,C/C,C/C,A/A
*7/*14,C/C,C/C,T/T,G/G,C/C,G/G,A/A,C/C,T/T,T/C,A/A,A/A,A/A,C/C,C/C,G/G,A/A,A/A,T/T,G/G,G/G,G/G,G/G,G/G,G/G,C/C,G/G,G/G,A/T,G/G,G/G,G/G,A/A,C/C,C/C,C/C,C/C,A/A
*7/*15,C/C,C/C,T/T,G/G,C/C,G/G,A/A,C/C,T/T,T/T,A/C,A/A,A/A,C/C,C/C,G/G,A/A,A/A,T/T,G/G,G/G,G/G,G/G,G/G,G/G,C/C,G/G,G/G,A/T,G/G,G/G,G/G,A/A,C/C,C/C,C/C,C/C,A/A
*7/*16,C/C,C/C,T/T,G/G,C/C,G/G,A/A,C/C,T/T,T/T,A/A,A/A,A/A,C/C,C/C,G/G,A/A,A/A,T/T,G/G,G/G,G/G,G/G,G/G,G/G,C/C,G/G,G/G,A/T,G/G,G/G,G/G,A/A,C/C,C/C,C/T,C/C,A/A
*7/*17,C/C,C/C,T/T,G/G,C/T,G/G,A/A,C/C,T/T,T/T,A/A,A/A,A/A,C/C,C/C,G/G,A/A,A/A,T/T,G/G,G/G,G/G,G/G,G/G,G/G,C/C,G/G,G/G,A/T,G/G,G/G,G/G,A/A,C/C,C/C,C/C,C/C,A/A
*7/*18,C/C,C/C,T/T,G/G,C/C,G/G,A/A,C/C,T/T,T/T,A/A,A/A,A/A,C/C,C/C,G/G,A/A,A/A,T/T,G/G,G/G,G/G,G/G,G/G,G/G,C/C,G/G,G/G,A/T,G/A,G/G,G/G,A/A,C/C,C/C,C/C,C/C,A/A
*7/*19,C/C,C/C,T/T,G/G,C/C,G/G,A/A,C/C,T/T,T/T,A/A,A/A,A/G,C/C,C/C,G/G,A/A,A/A,T/T,G/G,G/G,G/G,G/G,G/G,G/G,C/C,G/G,G/G,A/T,G/G,G/G,G/G,A/A,C/C,C/C,C/C,C/C,A/A
*7/*22,C/C,C/C,T/T,G/G,C/C,G/G,A/A,C/C,T/T,T/T,A/A,A/A,A/A,C/C,C/C,G/G,A/A,A/A,T/T,G/G,G/G,G/G,G/C,G/G,G/G,C/C,G/G,G/G,A/T,G/G,G/G,G/G,A/A,C/C,C/C,C/C,C/C,A/A
*7/*23,C/C,C/C,T/T,G/G,C/C,G/G,A/A,C/C,T/T,T/T,A/A,A/A,A/A,C/C,C/C,G/C,A/A,A/A,T/T,G/G,G/G,G/G,G/G,G/G,G/G,C/C,G/G,G/G,A/T,G/G,G/G,G/G,A/A,C/C,C/C,C/C,C/C,A/A
*7/*24,C/C,C/C,T/T,G/G,C/C,G/G,A/A,C/C,T/T,T/T,A/A,A/A,A/A,C/C,C/C,G/G,A/A,A/A,T/T,G/G,G/G,G/G,G/G,G/G,G/G,C/C,G/G,G/G,A/T,G/G,G/A,G/G,A/G,C/C,C/C,C/C,C/C,A/A
*7/*25,C/C,C/C,T/T,G/G,C/C,G/G,A/A,C/C,T/T,T/T,A/A,A/A,A/A,C/C,C/C,G/G,A/A,A/A,T/T,G/G,G/G,G/G,G/G,G/G,G/G,C/C,G/G,G/G,A/T,G/G,G/G,G/G,A/A,C/C,C/C,C/C,C/G,A/A
*7/*26,C/C,C/C,T/T,G/G,C/C,G/G,A/A,C/C,T/T,T/T,A/A,A/A,A/A,C/C,C/C,G/G,A/A,A/A,T/T,G/G,G/G,G/G,G/G,G/G,G/G,C/C,G/G,G/A,A/T,G/G,G/G,G/G,A/A,C/C,C/C,C/C,C/C,A/A
*7/*27,C/C,C/C,T/T,G/A,C/C,G/G,A/A,C/C,T/T,T/T,A/A,A/A,A/A,C/C,C/C,G/G,A/A,A/A,T/T,G/G,G/G,G/G,G/G,G/G,G/G,C/C,G/G,G/G,A/T,G/G,G/G,G/G,A/A,C/C,C/C,C/C,C/C,A/A
*7/*28,C/T,C/A,T/C,G/G,C/C,G/G,A/A,C/C,T/T,T/T,A/C,A/A,A/A,C/C,C/C,G/G,A/A,A/A,T/T,G/G,G/G,G/G,G/G,G/G,G/G,C/C,G/G,G/G,A/T,G/G,G/G,G/A,A/A,C/C,C/C,C/C,C/C,A/A
*7/*29,C/C,C/C,T/T,G/G,C/C,G/G,A/A,C/C,T/T,T/T,A/A,A/T,A/A,C/C,C/C,G/G,A/A,A/A,T/T,G/G,G/G,G/G,G/G,G/G,G/G,C/C,G/G,G/G,A/T,G/G,G/G,G/G,A/A,C/C,C/C,C/C,C/C,A/A
*7/*30,C/C,C/C,T/T,G/G,C/C,G/G,A/A,C/C,T/T,T/T,A/A,A/A,A/A,C/T,C/C,G/G,A/A,A/A,T/T,G/G,G/G,G/G,G/G,G/G,G/G,C/C,G/G,G/G,A/T,G/G,G/G,G/G,A/A,C/C,C/C,C/C,C/C,A/A
*7/*31,C/C,C/C,T/T,G/G,C/C,G/G,A/A,C/C,T/T,T/T,A/A,A/A,A/A,C/C,C/T,G/G,A/A,A/A,T/T,G/G,G/G,G/G,G/G,G/G,G/G,C/C,G/G,G/G,A/T,G/G,G/G,G/G,A/A,C/C,C/C,C/C,C/C,A/A
*7/*32,C/C,C/C,T/T,G/G,C/C,G/G,A/A,C/C,T/T,T/T,A/A,A/A,A/A,C/C,C/C,G/G,A/G,A/A,T/T,G/G,G/G,G/G,G/G,G/G,G/G,C/C,G/G,G/G,A/T,G/G,G/G,G/G,A/A,C/C,C/C,C/C,C/C,A/A
*7/*33,C/C,C/C,T/T,G/G,C/C,G/G,A/A,C/C,T/T,T/T,A/A,A/A,A/A,C/C,C/C,G/G,A/A,A/A,T/T,G/G,G/G,G/G,G/G,G/A,G/G,C/C,G/G,G/G,A/T,G/G,G/G,G/G,A/A,C/C,C/C,C/C,C/C,A/A
*7/*34,C/C,C/C,T/T,G/G,C/C,G/A,A/A,C/T,T/C,T/T,A/A,A/A,A/A,C/C,C/C,G/G,A/A,A/A,T/T,G/G,G/G,G/G,G/G,G/G,G/G,C/C,G/G,G/G,A/T,G/G,G/G,G/G,A/A,C/C,C/C,C/C,C/C,A/A
*7/*35,C/C,C/C,T/T,G/G,C/C,G/G,A/A,C/C,T/T,T/T,A/A,A/A,A/A,C/C,C/C,G/G,A/A,A/G,T/T,G/G,G/G,G/G,G/G,G/G,G/G,C/C,G/G,G/G,A/T,G/G,G/G,G/G,A/A,C/C,C/C,C/C,C/C,A/A
*8/*8,C/C,C/C,T/T,G/G,C/C,G/G,A/A,C/C,T/T,T/T,A/A,A/A,A/A,C/C,C/C,G/G,A/A,A/A,C/C,G/G,G/G,G/G,G/G,G/G,G/G,C/C,G/G,G/G,T/T,G/G,G/G,G/G,A/A,C/C,C/C,C/C,C/C,A/A
*8/*9,C/C,C/C,T/T,G/G,C/C,G/G,A/A,C/C,T/T,T/T,A/A,A/A,A/A,C/C,C/C,G/G,A/A,A/A,C/T,G/G,G/A,G/G,G/G,G/G,G/G,C/C,G/G,G/G,T/T,G/G,G/G,G/G,A/A,C/C,C/C,C/C,C/C,A/A
*8/*10,C/C,C/C,T/T,G/G,C/C,G/G,A/A,C/C,T/T,T/T,A/A,A/A,A/A,C/C,C/C,G/G,A/A,A/A,C/T,G/G,G/G,G/G,G/G,G/G,G/G,C/T,G/G,G/G,T/T,G/G,G/G,G/G,A/A,C/C,C/C,C/C,C/C,A/A
*8/*11,C/C,C/q,T/T,G/G,C/C,G/G,A/A,C/C,T/T,T/T,A/A,A/A,A/A,C/C,C/C,G/G,A/A,A/A,C/T,G/G,G/G,G/A,G/G,G/G,G/G,C/C,G/G,G/G,T/T,G/G,G/G,G/G,A/A,C/C,C/C,C/C,C/C,A/A
*8/*12,C/C,C/C,T/T,G/G,C/C,G/G,A/A,C/C,T/T,T/T,A/A,A/A,A/A,C/C,C/C,G/G,A/A,A/A,C/T,G/G,G/G,G/G,G/G,G/G,G/G,C/C,G/G,G/G,T/T,G/G,G/G,G/G,A/A,C/C,C/C,C/C,C/C,A/C
*8/*13,C/C,C/C,T/T,G/G,C/C,G/G,A/A,C/C,T/T,T/T,A/A,A/A,A/A,C/C,C/C,G/G,A/A,A/A,C/T,G/G,G/G,G/G,G/G,G/G,G/G,C/C,G/G,G/G,T/T,G/G,G/G,G/G,A/A,C/T,C/C,C/C,C/C,A/A
*8/*14,C/C,C/C,T/T,G/G,C/C,G/G,A/A,C/C,T/T,T/C,A/A,A/A,A/A,C/C,C/C,G/G,A/A,A/A,C/T,G/G,G/G,G/G,G/G,G/G,G/G,C/C,G/G,G/G,T/T,G/G,G/G,G/G,A/A,C/C,C/C,C/C,C/C,A/A
*8/*15,C/C,C/C,T/T,G/G,C/C,G/G,A/A,C/C,T/T,T/T,A/C,A/A,A/A,C/C,C/C,G/G,A/A,A/A,C/T,G/G,G/G,G/G,G/G,G/G,G/G,C/C,G/G,G/G,T/T,G/G,G/G,G/G,A/A,C/C,C/C,C/C,C/C,A/A
*8/*16,C/C,C/C,T/T,G/G,C/C,G/G,A/A,C/C,T/T,T/T,A/A,A/A,A/A,C/C,C/C,G/G,A/A,A/A,C/T,G/G,G/G,G/G,G/G,G/G,G/G,C/C,G/G,G/G,T/T,G/G,G/G,G/G,A/A,C/C,C/C,C/T,C/C,A/A
*8/*17,C/C,C/C,T/T,G/G,C/T,G/G,A/A,C/C,T/T,T/T,A/A,A/A,A/A,C/C,C/C,G/G,A/A,A/A,C/T,G/G,G/G,G/G,G/G,G/G,G/G,C/C,G/G,G/G,T/T,G/G,G/G,G/G,A/A,C/C,C/C,C/C,C/C,A/A
*8/*18,C/C,C/C,T/T,G/G,C/C,G/G,A/A,C/C,T/T,T/T,A/A,A/A,A/A,C/C,C/C,G/G,A/A,A/A,C/T,G/G,G/G,G/G,G/G,G/G,G/G,C/C,G/G,G/G,T/T,G/A,G/G,G/G,A/A,C/C,C/C,C/C,C/C,A/A
*8/*19,C/C,C/C,T/T,G/G,C/C,G/G,A/A,C/C,T/T,T/T,A/A,A/A,A/G,C/C,C/C,G/G,A/A,A/A,C/T,G/G,G/G,G/G,G/G,G/G,G/G,C/C,G/G,G/G,T/T,G/G,G/G,G/G,A/A,C/C,C/C,C/C,C/C,A/A
*8/*22,C/C,C/C,T/T,G/G,C/C,G/G,A/A,C/C,T/T,T/T,A/A,A/A,A/A,C/C,C/C,G/G,A/A,A/A,C/T,G/G,G/G,G/G,G/C,G/G,G/G,C/C,G/G,G/G,T/T,G/G,G/G,G/G,A/A,C/C,C/C,C/C,C/C,A/A
*8/*23,C/C,C/C,T/T,G/G,C/C,G/G,A/A,C/C,T/T,T/T,A/A,A/A,A/A,C/C,C/C,G/C,A/A,A/A,C/T,G/G,G/G,G/G,G/G,G/G,G/G,C/C,G/G,G/G,T/T,G/G,G/G,G/G,A/A,C/C,C/C,C/C,C/C,A/A
*8/*24,C/C,C/C,T/T,G/G,C/C,G/G,A/A,C/C,T/T,T/T,A/A,A/A,A/A,C/C,C/C,G/G,A/A,A/A,C/T,G/G,G/G,G/G,G/G,G/G,G/G,C/C,G/G,G/G,T/T,G/G,G/A,G/G,A/G,C/C,C/C,C/C,C/C,A/A
*8/*25,C/C,C/C,T/T,G/G,C/C,G/G,A/A,C/C,T/T,T/T,A/A,A/A,A/A,C/C,C/C,G/G,A/A,A/A,C/T,G/G,G/G,G/G,G/G,G/G,G/G,C/C,G/G,G/G,T/T,G/G,G/G,G/G,A/A,C/C,C/C,C/C,C/G,A/A
*8/*26,C/C,C/C,T/T,G/G,C/C,G/G,A/A,C/C,T/T,T/T,A/A,A/A,A/A,C/C,C/C,G/G,A/A,A/A,C/T,G/G,G/G,G/G,G/G,G/G,G/G,C/C,G/G,G/A,T/T,G/G,G/G,G/G,A/A,C/C,C/C,C/C,C/C,A/A
*8/*27,C/C,C/C,T/T,G/A,C/C,G/G,A/A,C/C,T/T,T/T,A/A,A/A,A/A,C/C,C/C,G/G,A/A,A/A,C/T,G/G,G/G,G/G,G/G,G/G,G/G,C/C,G/G,G/G,T/T,G/G,G/G,G/G,A/A,C/C,C/C,C/C,C/C,A/A
*8/*28,C/T,C/A,T/C,G/G,C/C,G/G,A/A,C/C,T/T,T/T,A/C,A/A,A/A,C/C,C/C,G/G,A/A,A/A,C/T,G/G,G/G,G/G,G/G,G/G,G/G,C/C,G/G,G/G,T/T,G/G,G/G,G/A,A/A,C/C,C/C,C/C,C/C,A/A
*8/*29,C/C,C/C,T/T,G/G,C/C,G/G,A/A,C/C,T/T,T/T,A/A,A/T,A/A,C/C,C/C,G/G,A/A,A/A,C/T,G/G,G/G,G/G,G/G,G/G,G/G,C/C,G/G,G/G,T/T,G/G,G/G,G/G,A/A,C/C,C/C,C/C,C/C,A/A
*8/*30,C/C,C/C,T/T,G/G,C/C,G/G,A/A,C/C,T/T,T/T,A/A,A/A,A/A,C/T,C/C,G/G,A/A,A/A,C/T,G/G,G/G,G/G,G/G,G/G,G/G,C/C,G/G,G/G,T/T,G/G,G/G,G/G,A/A,C/C,C/C,C/C,C/C,A/A
*8/*31,C/C,C/C,T/T,G/G,C/C,G/G,A/A,C/C,T/T,T/T,A/A,A/A,A/A,C/C,C/T,G/G,A/A,A/A,C/T,G/G,G/G,G/G,G/G,G/G,G/G,C/C,G/G,G/G,T/T,G/G,G/G,G/G,A/A,C/C,C/C,C/C,C/C,A/A
*8/*32,C/C,C/C,T/T,G/G,C/C,G/G,A/A,C/C,T/T,T/T,A/A,A/A,A/A,C/C,C/C,G/G,A/G,A/A,C/T,G/G,G/G,G/G,G/G,G/G,G/G,C/C,G/G,G/G,T/T,G/G,G/G,G/G,A/A,C/C,C/C,C/C,C/C,A/A
*8/*33,C/C,C/C,T/T,G/G,C/C,G/G,A/A,C/C,T/T,T/T,A/A,A/A,A/A,C/C,C/C,G/G,A/A,A/A,C/T,G/G,G/G,G/G,G/G,G/A,G/G,C/C,G/G,G/G,T/T,G/G,G/G,G/G,A/A,C/C,C/C,C/C,C/C,A/A
*8/*34,C/C,C/C,T/T,G/G,C/C,G/A,A/A,C/T,T/C,T/T,A/A,A/A,A/A,C/C,C/C,G/G,A/A,A/A,C/T,G/G,G/G,G/G,G/G,G/G,G/G,C/C,G/G,G/G,T/T,G/G,G/G,G/G,A/A,C/C,C/C,C/C,C/C,A/A
*8/*35,C/C,C/C,T/T,G/G,C/C,G/G,A/A,C/C,T/T,T/T,A/A,A/A,A/A,C/C,C/C,G/G,A/A,A/G,C/T,G/G,G/G,G/G,G/G,G/G,G/G,C/C,G/G,G/G,T/T,G/G,G/G,G/G,A/A,C/C,C/C,C/C,C/C,A/A
*9/*9,C/C,C/C,T/T,G/G,C/C,G/G,A/A,C/C,T/T,T/T,A/A,A/A,A/A,C/C,C/C,G/G,A/A,A/A,T/T,G/G,A/A,G/G,G/G,G/G,G/G,C/C,G/G,G/G,T/T,G/G,G/G,G/G,A/A,C/C,C/C,C/C,C/C,A/A
*9/*10,C/C,C/C,T/T,G/G,C/C,G/G,A/A,C/C,T/T,T/T,A/A,A/A,A/A,C/C,C/C,G/G,A/A,A/A,T/T,G/G,A/G,G/G,G/G,G/G,G/G,C/T,G/G,G/G,T/T,G/G,G/G,G/G,A/A,C/C,C/C,C/C,C/C,A/A
*9/*11,C/C,C/q,T/T,G/G,C/C,G/G,A/A,C/C,T/T,T/T,A/A,A/A,A/A,C/C,C/C,G/G,A/A,A/A,T/T,G/G,A/G,G/A,G/G,G/G,G/G,C/C,G/G,G/G,T/T,G/G,G/G,G/G,A/A,C/C,C/C,C/C,C/C,A/A
*9/*12,C/C,C/C,T/T,G/G,C/C,G/G,A/A,C/C,T/T,T/T,A/A,A/A,A/A,C/C,C/C,G/G,A/A,A/A,T/T,G/G,A/G,G/G,G/G,G/G,G/G,C/C,G/G,G/G,T/T,G/G,G/G,G/G,A/A,C/C,C/C,C/C,C/C,A/C
*9/*13,C/C,C/C,T/T,G/G,C/C,G/G,A/A,C/C,T/T,T/T,A/A,A/A,A/A,C/C,C/C,G/G,A/A,A/A,T/T,G/G,A/G,G/G,G/G,G/G,G/G,C/C,G/G,G/G,T/T,G/G,G/G,G/G,A/A,C/T,C/C,C/C,C/C,A/A
*9/*14,C/C,C/C,T/T,G/G,C/C,G/G,A/A,C/C,T/T,T/C,A/A,A/A,A/A,C/C,C/C,G/G,A/A,A/A,T/T,G/G,A/G,G/G,G/G,G/G,G/G,C/C,G/G,G/G,T/T,G/G,G/G,G/G,A/A,C/C,C/C,C/C,C/C,A/A
*9/*15,C/C,C/C,T/T,G/G,C/C,G/G,A/A,C/C,T/T,T/T,A/C,A/A,A/A,C/C,C/C,G/G,A/A,A/A,T/T,G/G,A/G,G/G,G/G,G/G,G/G,C/C,G/G,G/G,T/T,G/G,G/G,G/G,A/A,C/C,C/C,C/C,C/C,A/A
*9/*16,C/C,C/C,T/T,G/G,C/C,G/G,A/A,C/C,T/T,T/T,A/A,A/A,A/A,C/C,C/C,G/G,A/A,A/A,T/T,G/G,A/G,G/G,G/G,G/G,G/G,C/C,G/G,G/G,T/T,G/G,G/G,G/G,A/A,C/C,C/C,C/T,C/C,A/A
*9/*17,C/C,C/C,T/T,G/G,C/T,G/G,A/A,C/C,T/T,T/T,A/A,A/A,A/A,C/C,C/C,G/G,A/A,A/A,T/T,G/G,A/G,G/G,G/G,G/G,G/G,C/C,G/G,G/G,T/T,G/G,G/G,G/G,A/A,C/C,C/C,C/C,C/C,A/A
*9/*18,C/C,C/C,T/T,G/G,C/C,G/G,A/A,C/C,T/T,T/T,A/A,A/A,A/A,C/C,C/C,G/G,A/A,A/A,T/T,G/G,A/G,G/G,G/G,G/G,G/G,C/C,G/G,G/G,T/T,G/A,G/G,G/G,A/A,C/C,C/C,C/C,C/C,A/A
*9/*19,C/C,C/C,T/T,G/G,C/C,G/G,A/A,C/C,T/T,T/T,A/A,A/A,A/G,C/C,C/C,G/G,A/A,A/A,T/T,G/G,A/G,G/G,G/G,G/G,G/G,C/C,G/G,G/G,T/T,G/G,G/G,G/G,A/A,C/C,C/C,C/C,C/C,A/A
*9/*22,C/C,C/C,T/T,G/G,C/C,G/G,A/A,C/C,T/T,T/T,A/A,A/A,A/A,C/C,C/C,G/G,A/A,A/A,T/T,G/G,A/G,G/G,G/C,G/G,G/G,C/C,G/G,G/G,T/T,G/G,G/G,G/G,A/A,C/C,C/C,C/C,C/C,A/A
*9/*23,C/C,C/C,T/T,G/G,C/C,G/G,A/A,C/C,T/T,T/T,A/A,A/A,A/A,C/C,C/C,G/C,A/A,A/A,T/T,G/G,A/G,G/G,G/G,G/G,G/G,C/C,G/G,G/G,T/T,G/G,G/G,G/G,A/A,C/C,C/C,C/C,C/C,A/A
*9/*24,C/C,C/C,T/T,G/G,C/C,G/G,A/A,C/C,T/T,T/T,A/A,A/A,A/A,C/C,C/C,G/G,A/A,A/A,T/T,G/G,A/G,G/G,G/G,G/G,G/G,C/C,G/G,G/G,T/T,G/G,G/A,G/G,A/G,C/C,C/C,C/C,C/C,A/A
*9/*25,C/C,C/C,T/T,G/G,C/C,G/G,A/A,C/C,T/T,T/T,A/A,A/A,A/A,C/C,C/C,G/G,A/A,A/A,T/T,G/G,A/G,G/G,G/G,G/G,G/G,C/C,G/G,G/G,T/T,G/G,G/G,G/G,A/A,C/C,C/C,C/C,C/G,A/A
*9/*26,C/C,C/C,T/T,G/G,C/C,G/G,A/A,C/C,T/T,T/T,A/A,A/A,A/A,C/C,C/C,G/G,A/A,A/A,T/T,G/G,A/G,G/G,G/G,G/G,G/G,C/C,G/G,G/A,T/T,G/G,G/G,G/G,A/A,C/C,C/C,C/C,C/C,A/A
*9/*27,C/C,C/C,T/T,G/A,C/C,G/G,A/A,C/C,T/T,T/T,A/A,A/A,A/A,C/C,C/C,G/G,A/A,A/A,T/T,G/G,A/G,G/G,G/G,G/G,G/G,C/C,G/G,G/G,T/T,G/G,G/G,G/G,A/A,C/C,C/C,C/C,C/C,A/A
*9/*28,C/T,C/A,T/C,G/G,C/C,G/G,A/A,C/C,T/T,T/T,A/C,A/A,A/A,C/C,C/C,G/G,A/A,A/A,T/T,G/G,A/G,G/G,G/G,G/G,G/G,C/C,G/G,G/G,T/T,G/G,G/G,G/A,A/A,C/C,C/C,C/C,C/C,A/A
*9/*29,C/C,C/C,T/T,G/G,C/C,G/G,A/A,C/C,T/T,T/T,A/A,A/T,A/A,C/C,C/C,G/G,A/A,A/A,T/T,G/G,A/G,G/G,G/G,G/G,G/G,C/C,G/G,G/G,T/T,G/G,G/G,G/G,A/A,C/C,C/C,C/C,C/C,A/A
*9/*30,C/C,C/C,T/T,G/G,C/C,G/G,A/A,C/C,T/T,T/T,A/A,A/A,A/A,C/T,C/C,G/G,A/A,A/A,T/T,G/G,A/G,G/G,G/G,G/G,G/G,C/C,G/G,G/G,T/T,G/G,G/G,G/G,A/A,C/C,C/C,C/C,C/C,A/A
*9/*31,C/C,C/C,T/T,G/G,C/C,G/G,A/A,C/C,T/T,T/T,A/A,A/A,A/A,C/C,C/T,G/G,A/A,A/A,T/T,G/G,A/G,G/G,G/G,G/G,G/G,C/C,G/G,G/G,T/T,G/G,G/G,G/G,A/A,C/C,C/C,C/C,C/C,A/A
*9/*32,C/C,C/C,T/T,G/G,C/C,G/G,A/A,C/C,T/T,T/T,A/A,A/A,A/A,C/C,C/C,G/G,A/G,A/A,T/T,G/G,A/G,G/G,G/G,G/G,G/G,C/C,G/G,G/G,T/T,G/G,G/G,G/G,A/A,C/C,C/C,C/C,C/C,A/A
*9/*33,C/C,C/C,T/T,G/G,C/C,G/G,A/A,C/C,T/T,T/T,A/A,A/A,A/A,C/C,C/C,G/G,A/A,A/A,T/T,G/G,A/G,G/G,G/G,G/A,G/G,C/C,G/G,G/G,T/T,G/G,G/G,G/G,A/A,C/C,C/C,C/C,C/C,A/A
*9/*34,C/C,C/C,T/T,G/G,C/C,G/A,A/A,C/T,T/C,T/T,A/A,A/A,A/A,C/C,C/C,G/G,A/A,A/A,T/T,G/G,A/G,G/G,G/G,G/G,G/G,C/C,G/G,G/G,T/T,G/G,G/G,G/G,A/A,C/C,C/C,C/C,C/C,A/A
*9/*35,C/C,C/C,T/T,G/G,C/C,G/G,A/A,C/C,T/T,T/T,A/A,A/A,A/A,C/C,C/C,G/G,A/A,A/G,T/T,G/G,A/G,G/G,G/G,G/G,G/G,C/C,G/G,G/G,T/T,G/G,G/G,G/G,A/A,C/C,C/C,C/C,C/C,A/A
*10/*10,C/C,C/C,T/T,G/G,C/C,G/G,A/A,C/C,T/T,T/T,A/A,A/A,A/A,C/C,C/C,G/G,A/A,A/A,T/T,G/G,G/G,G/G,G/G,G/G,G/G,T/T,G/G,G/G,T/T,G/G,G/G,G/G,A/A,C/C,C/C,C/C,C/C,A/A
*10/*11,C/C,C/q,T/T,G/G,C/C,G/G,A/A,C/C,T/T,T/T,A/A,A/A,A/A,C/C,C/C,G/G,A/A,A/A,T/T,G/G,G/G,G/A,G/G,G/G,G/G,T/C,G/G,G/G,T/T,G/G,G/G,G/G,A/A,C/C,C/C,C/C,C/C,A/A
*10/*12,C/C,C/C,T/T,G/G,C/C,G/G,A/A,C/C,T/T,T/T,A/A,A/A,A/A,C/C,C/C,G/G,A/A,A/A,T/T,G/G,G/G,G/G,G/G,G/G,G/G,T/C,G/G,G/G,T/T,G/G,G/G,G/G,A/A,C/C,C/C,C/C,C/C,A/C
*10/*13,C/C,C/C,T/T,G/G,C/C,G/G,A/A,C/C,T/T,T/T,A/A,A/A,A/A,C/C,C/C,G/G,A/A,A/A,T/T,G/G,G/G,G/G,G/G,G/G,G/G,T/C,G/G,G/G,T/T,G/G,G/G,G/G,A/A,C/T,C/C,C/C,C/C,A/A
*10/*14,C/C,C/C,T/T,G/G,C/C,G/G,A/A,C/C,T/T,T/C,A/A,A/A,A/A,C/C,C/C,G/G,A/A,A/A,T/T,G/G,G/G,G/G,G/G,G/G,G/G,T/C,G/G,G/G,T/T,G/G,G/G,G/G,A/A,C/C,C/C,C/C,C/C,A/A
*10/*15,C/C,C/C,T/T,G/G,C/C,G/G,A/A,C/C,T/T,T/T,A/C,A/A,A/A,C/C,C/C,G/G,A/A,A/A,T/T,G/G,G/G,G/G,G/G,G/G,G/G,T/C,G/G,G/G,T/T,G/G,G/G,G/G,A/A,C/C,C/C,C/C,C/C,A/A
*10/*16,C/C,C/C,T/T,G/G,C/C,G/G,A/A,C/C,T/T,T/T,A/A,A/A,A/A,C/C,C/C,G/G,A/A,A/A,T/T,G/G,G/G,G/G,G/G,G/G,G/G,T/C,G/G,G/G,T/T,G/G,G/G,G/G,A/A,C/C,C/C,C/T,C/C,A/A
*10/*17,C/C,C/C,T/T,G/G,C/T,G/G,A/A,C/C,T/T,T/T,A/A,A/A,A/A,C/C,C/C,G/G,A/A,A/A,T/T,G/G,G/G,G/G,G/G,G/G,G/G,T/C,G/G,G/G,T/T,G/G,G/G,G/G,A/A,C/C,C/C,C/C,C/C,A/A
*10/*18,C/C,C/C,T/T,G/G,C/C,G/G,A/A,C/C,T/T,T/T,A/A,A/A,A/A,C/C,C/C,G/G,A/A,A/A,T/T,G/G,G/G,G/G,G/G,G/G,G/G,T/C,G/G,G/G,T/T,G/A,G/G,G/G,A/A,C/C,C/C,C/C,C/C,A/A
*10/*19,C/C,C/C,T/T,G/G,C/C,G/G,A/A,C/C,T/T,T/T,A/A,A/A,A/G,C/C,C/C,G/G,A/A,A/A,T/T,G/G,G/G,G/G,G/G,G/G,G/G,T/C,G/G,G/G,T/T,G/G,G/G,G/G,A/A,C/C,C/C,C/C,C/C,A/A
*10/*22,C/C,C/C,T/T,G/G,C/C,G/G,A/A,C/C,T/T,T/T,A/A,A/A,A/A,C/C,C/C,G/G,A/A,A/A,T/T,G/G,G/G,G/G,G/C,G/G,G/G,T/C,G/G,G/G,T/T,G/G,G/G,G/G,A/A,C/C,C/C,C/C,C/C,A/A
*10/*23,C/C,C/C,T/T,G/G,C/C,G/G,A/A,C/C,T/T,T/T,A/A,A/A,A/A,C/C,C/C,G/C,A/A,A/A,T/T,G/G,G/G,G/G,G/G,G/G,G/G,T/C,G/G,G/G,T/T,G/G,G/G,G/G,A/A,C/C,C/C,C/C,C/C,A/A
*10/*24,C/C,C/C,T/T,G/G,C/C,G/G,A/A,C/C,T/T,T/T,A/A,A/A,A/A,C/C,C/C,G/G,A/A,A/A,T/T,G/G,G/G,G/G,G/G,G/G,G/G,T/C,G/G,G/G,T/T,G/G,G/A,G/G,A/G,C/C,C/C,C/C,C/C,A/A
*10/*25,C/C,C/C,T/T,G/G,C/C,G/G,A/A,C/C,T/T,T/T,A/A,A/A,A/A,C/C,C/C,G/G,A/A,A/A,T/T,G/G,G/G,G/G,G/G,G/G,G/G,T/C,G/G,G/G,T/T,G/G,G/G,G/G,A/A,C/C,C/C,C/C,C/G,A/A
*10/*26,C/C,C/C,T/T,G/G,C/C,G/G,A/A,C/C,T/T,T/T,A/A,A/A,A/A,C/C,C/C,G/G,A/A,A/A,T/T,G/G,G/G,G/G,G/G,G/G,G/G,T/C,G/G,G/A,T/T,G/G,G/G,G/G,A/A,C/C,C/C,C/C,C/C,A/A
*10/*27,C/C,C/C,T/T,G/A,C/C,G/G,A/A,C/C,T/T,T/T,A/A,A/A,A/A,C/C,C/C,G/G,A/A,A/A,T/T,G/G,G/G,G/G,G/G,G/G,G/G,T/C,G/G,G/G,T/T,G/G,G/G,G/G,A/A,C/C,C/C,C/C,C/C,A/A
*10/*28,C/T,C/A,T/C,G/G,C/C,G/G,A/A,C/C,T/T,T/T,A/C,A/A,A/A,C/C,C/C,G/G,A/A,A/A,T/T,G/G,G/G,G/G,G/G,G/G,G/G,T/C,G/G,G/G,T/T,G/G,G/G,G/A,A/A,C/C,C/C,C/C,C/C,A/A
*10/*29,C/C,C/C,T/T,G/G,C/C,G/G,A/A,C/C,T/T,T/T,A/A,A/T,A/A,C/C,C/C,G/G,A/A,A/A,T/T,G/G,G/G,G/G,G/G,G/G,G/G,T/C,G/G,G/G,T/T,G/G,G/G,G/G,A/A,C/C,C/C,C/C,C/C,A/A
*10/*30,C/C,C/C,T/T,G/G,C/C,G/G,A/A,C/C,T/T,T/T,A/A,A/A,A/A,C/T,C/C,G/G,A/A,A/A,T/T,G/G,G/G,G/G,G/G,G/G,G/G,T/C,G/G,G/G,T/T,G/G,G/G,G/G,A/A,C/C,C/C,C/C,C/C,A/A
*10/*31,C/C,C/C,T/T,G/G,C/C,G/G,A/A,C/C,T/T,T/T,A/A,A/A,A/A,C/C,C/T,G/G,A/A,A/A,T/T,G/G,G/G,G/G,G/G,G/G,G/G,T/C,G/G,G/G,T/T,G/G,G/G,G/G,A/A,C/C,C/C,C/C,C/C,A/A
*10/*32,C/C,C/C,T/T,G/G,C/C,G/G,A/A,C/C,T/T,T/T,A/A,A/A,A/A,C/C,C/C,G/G,A/G,A/A,T/T,G/G,G/G,G/G,G/G,G/G,G/G,T/C,G/G,G/G,T/T,G/G,G/G,G/G,A/A,C/C,C/C,C/C,C/C,A/A
*10/*33,C/C,C/C,T/T,G/G,C/C,G/G,A/A,C/C,T/T,T/T,A/A,A/A,A/A,C/C,C/C,G/G,A/A,A/A,T/T,G/G,G/G,G/G,G/G,G/A,G/G,T/C,G/G,G/G,T/T,G/G,G/G,G/G,A/A,C/C,C/C,C/C,C/C,A/A
*10/*34,C/C,C/C,T/T,G/G,C/C,G/A,A/A,C/T,T/C,T/T,A/A,A/A,A/A,C/C,C/C,G/G,A/A,A/A,T/T,G/G,G/G,G/G,G/G,G/G,G/G,T/C,G/G,G/G,T/T,G/G,G/G,G/G,A/A,C/C,C/C,C/C,C/C,A/A
*10/*35,C/C,C/C,T/T,G/G,C/C,G/G,A/A,C/C,T/T,T/T,A/A,A/A,A/A,C/C,C/C,G/G,A/A,A/G,T/T,G/G,G/G,G/G,G/G,G/G,G/G,T/C,G/G,G/G,T/T,G/G,G/G,G/G,A/A,C/C,C/C,C/C,C/C,A/A
*11/*11,C/C,q/q,T/T,G/G,C/C,G/G,A/A,C/C,T/T,T/T,A/A,A/A,A/A,C/C,C/C,G/G,A/A,A/A,T/T,G/G,G/G,A/A,G/G,G/G,G/G,C/C,G/G,G/G,T/T,G/G,G/G,G/G,A/A,C/C,C/C,C/C,C/C,A/A
*11/*12,C/C,q/C,T/T,G/G,C/C,G/G,A/A,C/C,T/T,T/T,A/A,A/A,A/A,C/C,C/C,G/G,A/A,A/A,T/T,G/G,G/G,A/G,G/G,G/G,G/G,C/C,G/G,G/G,T/T,G/G,G/G,G/G,A/A,C/C,C/C,C/C,C/C,A/C
*11/*13,C/C,q/C,T/T,G/G,C/C,G/G,A/A,C/C,T/T,T/T,A/A,A/A,A/A,C/C,C/C,G/G,A/A,A/A,T/T,G/G,G/G,A/G,G/G,G/G,G/G,C/C,G/G,G/G,T/T,G/G,G/G,G/G,A/A,C/T,C/C,C/C,C/C,A/A
*11/*14,C/C,q/C,T/T,G/G,C/C,G/G,A/A,C/C,T/T,T/C,A/A,A/A,A/A,C/C,C/C,G/G,A/A,A/A,T/T,G/G,G/G,A/G,G/G,G/G,G/G,C/C,G/G,G/G,T/T,G/G,G/G,G/G,A/A,C/C,C/C,C/C,C/C,A/A
*11/*15,C/C,q/C,T/T,G/G,C/C,G/G,A/A,C/C,T/T,T/T,A/C,A/A,A/A,C/C,C/C,G/G,A/A,A/A,T/T,G/G,G/G,A/G,G/G,G/G,G/G,C/C,G/G,G/G,T/T,G/G,G/G,G/G,A/A,C/C,C/C,C/C,C/C,A/A
*11/*16,C/C,q/C,T/T,G/G,C/C,G/G,A/A,C/C,T/T,T/T,A/A,A/A,A/A,C/C,C/C,G/G,A/A,A/A,T/T,G/G,G/G,A/G,G/G,G/G,G/G,C/C,G/G,G/G,T/T,G/G,G/G,G/G,A/A,C/C,C/C,C/T,C/C,A/A
*11/*17,C/C,q/C,T/T,G/G,C/T,G/G,A/A,C/C,T/T,T/T,A/A,A/A,A/A,C/C,C/C,G/G,A/A,A/A,T/T,G/G,G/G,A/G,G/G,G/G,G/G,C/C,G/G,G/G,T/T,G/G,G/G,G/G,A/A,C/C,C/C,C/C,C/C,A/A
*11/*18,C/C,q/C,T/T,G/G,C/C,G/G,A/A,C/C,T/T,T/T,A/A,A/A,A/A,C/C,C/C,G/G,A/A,A/A,T/T,G/G,G/G,A/G,G/G,G/G,G/G,C/C,G/G,G/G,T/T,G/A,G/G,G/G,A/A,C/C,C/C,C/C,C/C,A/A
*11/*19,C/C,q/C,T/T,G/G,C/C,G/G,A/A,C/C,T/T,T/T,A/A,A/A,A/G,C/C,C/C,G/G,A/A,A/A,T/T,G/G,G/G,A/G,G/G,G/G,G/G,C/C,G/G,G/G,T/T,G/G,G/G,G/G,A/A,C/C,C/C,C/C,C/C,A/A
*11/*22,C/C,q/C,T/T,G/G,C/C,G/G,A/A,C/C,T/T,T/T,A/A,A/A,A/A,C/C,C/C,G/G,A/A,A/A,T/T,G/G,G/G,A/G,G/C,G/G,G/G,C/C,G/G,G/G,T/T,G/G,G/G,G/G,A/A,C/C,C/C,C/C,C/C,A/A
*11/*23,C/C,q/C,T/T,G/G,C/C,G/G,A/A,C/C,T/T,T/T,A/A,A/A,A/A,C/C,C/C,G/C,A/A,A/A,T/T,G/G,G/G,A/G,G/G,G/G,G/G,C/C,G/G,G/G,T/T,G/G,G/G,G/G,A/A,C/C,C/C,C/C,C/C,A/A
*11/*24,C/C,q/C,T/T,G/G,C/C,G/G,A/A,C/C,T/T,T/T,A/A,A/A,A/A,C/C,C/C,G/G,A/A,A/A,T/T,G/G,G/G,A/G,G/G,G/G,G/G,C/C,G/G,G/G,T/T,G/G,G/A,G/G,A/G,C/C,C/C,C/C,C/C,A/A
*11/*25,C/C,q/C,T/T,G/G,C/C,G/G,A/A,C/C,T/T,T/T,A/A,A/A,A/A,C/C,C/C,G/G,A/A,A/A,T/T,G/G,G/G,A/G,G/G,G/G,G/G,C/C,G/G,G/G,T/T,G/G,G/G,G/G,A/A,C/C,C/C,C/C,C/G,A/A
*11/*26,C/C,q/C,T/T,G/G,C/C,G/G,A/A,C/C,T/T,T/T,A/A,A/A,A/A,C/C,C/C,G/G,A/A,A/A,T/T,G/G,G/G,A/G,G/G,G/G,G/G,C/C,G/G,G/A,T/T,G/G,G/G,G/G,A/A,C/C,C/C,C/C,C/C,A/A
*11/*27,C/C,q/C,T/T,G/A,C/C,G/G,A/A,C/C,T/T,T/T,A/A,A/A,A/A,C/C,C/C,G/G,A/A,A/A,T/T,G/G,G/G,A/G,G/G,G/G,G/G,C/C,G/G,G/G,T/T,G/G,G/G,G/G,A/A,C/C,C/C,C/C,C/C,A/A
*11/*28,C/T,q/A,T/C,G/G,C/C,G/G,A/A,C/C,T/T,T/T,A/C,A/A,A/A,C/C,C/C,G/G,A/A,A/A,T/T,G/G,G/G,A/G,G/G,G/G,G/G,C/C,G/G,G/G,T/T,G/G,G/G,G/A,A/A,C/C,C/C,C/C,C/C,A/A
*11/*29,C/C,q/C,T/T,G/G,C/C,G/G,A/A,C/C,T/T,T/T,A/A,A/T,A/A,C/C,C/C,G/G,A/A,A/A,T/T,G/G,G/G,A/G,G/G,G/G,G/G,C/C,G/G,G/G,T/T,G/G,G/G,G/G,A/A,C/C,C/C,C/C,C/C,A/A
*11/*30,C/C,q/C,T/T,G/G,C/C,G/G,A/A,C/C,T/T,T/T,A/A,A/A,A/A,C/T,C/C,G/G,A/A,A/A,T/T,G/G,G/G,A/G,G/G,G/G,G/G,C/C,G/G,G/G,T/T,G/G,G/G,G/G,A/A,C/C,C/C,C/C,C/C,A/A
*11/*31,C/C,q/C,T/T,G/G,C/C,G/G,A/A,C/C,T/T,T/T,A/A,A/A,A/A,C/C,C/T,G/G,A/A,A/A,T/T,G/G,G/G,A/G,G/G,G/G,G/G,C/C,G/G,G/G,T/T,G/G,G/G,G/G,A/A,C/C,C/C,C/C,C/C,A/A
*11/*32,C/C,q/C,T/T,G/G,C/C,G/G,A/A,C/C,T/T,T/T,A/A,A/A,A/A,C/C,C/C,G/G,A/G,A/A,T/T,G/G,G/G,A/G,G/G,G/G,G/G,C/C,G/G,G/G,T/T,G/G,G/G,G/G,A/A,C/C,C/C,C/C,C/C,A/A
*11/*33,C/C,q/C,T/T,G/G,C/C,G/G,A/A,C/C,T/T,T/T,A/A,A/A,A/A,C/C,C/C,G/G,A/A,A/A,T/T,G/G,G/G,A/G,G/G,G/A,G/G,C/C,G/G,G/G,T/T,G/G,G/G,G/G,A/A,C/C,C/C,C/C,C/C,A/A
*11/*34,C/C,q/C,T/T,G/G,C/C,G/A,A/A,C/T,T/C,T/T,A/A,A/A,A/A,C/C,C/C,G/G,A/A,A/A,T/T,G/G,G/G,A/G,G/G,G/G,G/G,C/C,G/G,G/G,T/T,G/G,G/G,G/G,A/A,C/C,C/C,C/C,C/C,A/A
*11/*35,C/C,q/C,T/T,G/G,C/C,G/G,A/A,C/C,T/T,T/T,A/A,A/A,A/A,C/C,C/C,G/G,A/A,A/G,T/T,G/G,G/G,A/G,G/G,G/G,G/G,C/C,G/G,G/G,T/T,G/G,G/G,G/G,A/A,C/C,C/C,C/C,C/C,A/A
*12/*12,C/C,C/C,T/T,G/G,C/C,G/G,A/A,C/C,T/T,T/T,A/A,A/A,A/A,C/C,C/C,G/G,A/A,A/A,T/T,G/G,G/G,G/G,G/G,G/G,G/G,C/C,G/G,G/G,T/T,G/G,G/G,G/G,A/A,C/C,C/C,C/C,C/C,C/C
*12/*13,C/C,C/C,T/T,G/G,C/C,G/G,A/A,C/C,T/T,T/T,A/A,A/A,A/A,C/C,C/C,G/G,A/A,A/A,T/T,G/G,G/G,G/G,G/G,G/G,G/G,C/C,G/G,G/G,T/T,G/G,G/G,G/G,A/A,C/T,C/C,C/C,C/C,C/A
*12/*14,C/C,C/C,T/T,G/G,C/C,G/G,A/A,C/C,T/T,T/C,A/A,A/A,A/A,C/C,C/C,G/G,A/A,A/A,T/T,G/G,G/G,G/G,G/G,G/G,G/G,C/C,G/G,G/G,T/T,G/G,G/G,G/G,A/A,C/C,C/C,C/C,C/C,C/A
*12/*15,C/C,C/C,T/T,G/G,C/C,G/G,A/A,C/C,T/T,T/T,A/C,A/A,A/A,C/C,C/C,G/G,A/A,A/A,T/T,G/G,G/G,G/G,G/G,G/G,G/G,C/C,G/G,G/G,T/T,G/G,G/G,G/G,A/A,C/C,C/C,C/C,C/C,C/A
*12/*16,C/C,C/C,T/T,G/G,C/C,G/G,A/A,C/C,T/T,T/T,A/A,A/A,A/A,C/C,C/C,G/G,A/A,A/A,T/T,G/G,G/G,G/G,G/G,G/G,G/G,C/C,G/G,G/G,T/T,G/G,G/G,G/G,A/A,C/C,C/C,C/T,C/C,C/A
*12/*17,C/C,C/C,T/T,G/G,C/T,G/G,A/A,C/C,T/T,T/T,A/A,A/A,A/A,C/C,C/C,G/G,A/A,A/A,T/T,G/G,G/G,G/G,G/G,G/G,G/G,C/C,G/G,G/G,T/T,G/G,G/G,G/G,A/A,C/C,C/C,C/C,C/C,C/A
*12/*18,C/C,C/C,T/T,G/G,C/C,G/G,A/A,C/C,T/T,T/T,A/A,A/A,A/A,C/C,C/C,G/G,A/A,A/A,T/T,G/G,G/G,G/G,G/G,G/G,G/G,C/C,G/G,G/G,T/T,G/A,G/G,G/G,A/A,C/C,C/C,C/C,C/C,C/A
*12/*19,C/C,C/C,T/T,G/G,C/C,G/G,A/A,C/C,T/T,T/T,A/A,A/A,A/G,C/C,C/C,G/G,A/A,A/A,T/T,G/G,G/G,G/G,G/G,G/G,G/G,C/C,G/G,G/G,T/T,G/G,G/G,G/G,A/A,C/C,C/C,C/C,C/C,C/A
*12/*22,C/C,C/C,T/T,G/G,C/C,G/G,A/A,C/C,T/T,T/T,A/A,A/A,A/A,C/C,C/C,G/G,A/A,A/A,T/T,G/G,G/G,G/G,G/C,G/G,G/G,C/C,G/G,G/G,T/T,G/G,G/G,G/G,A/A,C/C,C/C,C/C,C/C,C/A
*12/*23,C/C,C/C,T/T,G/G,C/C,G/G,A/A,C/C,T/T,T/T,A/A,A/A,A/A,C/C,C/C,G/C,A/A,A/A,T/T,G/G,G/G,G/G,G/G,G/G,G/G,C/C,G/G,G/G,T/T,G/G,G/G,G/G,A/A,C/C,C/C,C/C,C/C,C/A
*12/*24,C/C,C/C,T/T,G/G,C/C,G/G,A/A,C/C,T/T,T/T,A/A,A/A,A/A,C/C,C/C,G/G,A/A,A/A,T/T,G/G,G/G,G/G,G/G,G/G,G/G,C/C,G/G,G/G,T/T,G/G,G/A,G/G,A/G,C/C,C/C,C/C,C/C,C/A
*12/*25,C/C,C/C,T/T,G/G,C/C,G/G,A/A,C/C,T/T,T/T,A/A,A/A,A/A,C/C,C/C,G/G,A/A,A/A,T/T,G/G,G/G,G/G,G/G,G/G,G/G,C/C,G/G,G/G,T/T,G/G,G/G,G/G,A/A,C/C,C/C,C/C,C/G,C/A
*12/*26,C/C,C/C,T/T,G/G,C/C,G/G,A/A,C/C,T/T,T/T,A/A,A/A,A/A,C/C,C/C,G/G,A/A,A/A,T/T,G/G,G/G,G/G,G/G,G/G,G/G,C/C,G/G,G/A,T/T,G/G,G/G,G/G,A/A,C/C,C/C,C/C,C/C,C/A
*12/*27,C/C,C/C,T/T,G/A,C/C,G/G,A/A,C/C,T/T,T/T,A/A,A/A,A/A,C/C,C/C,G/G,A/A,A/A,T/T,G/G,G/G,G/G,G/G,G/G,G/G,C/C,G/G,G/G,T/T,G/G,G/G,G/G,A/A,C/C,C/C,C/C,C/C,C/A
*12/*28,C/T,C/A,T/C,G/G,C/C,G/G,A/A,C/C,T/T,T/T,A/C,A/A,A/A,C/C,C/C,G/G,A/A,A/A,T/T,G/G,G/G,G/G,G/G,G/G,G/G,C/C,G/G,G/G,T/T,G/G,G/G,G/A,A/A,C/C,C/C,C/C,C/C,C/A
*12/*29,C/C,C/C,T/T,G/G,C/C,G/G,A/A,C/C,T/T,T/T,A/A,A/T,A/A,C/C,C/C,G/G,A/A,A/A,T/T,G/G,G/G,G/G,G/G,G/G,G/G,C/C,G/G,G/G,T/T,G/G,G/G,G/G,A/A,C/C,C/C,C/C,C/C,C/A
*12/*30,C/C,C/C,T/T,G/G,C/C,G/G,A/A,C/C,T/T,T/T,A/A,A/A,A/A,C/T,C/C,G/G,A/A,A/A,T/T,G/G,G/G,G/G,G/G,G/G,G/G,C/C,G/G,G/G,T/T,G/G,G/G,G/G,A/A,C/C,C/C,C/C,C/C,C/A
*12/*31,C/C,C/C,T/T,G/G,C/C,G/G,A/A,C/C,T/T,T/T,A/A,A/A,A/A,C/C,C/T,G/G,A/A,A/A,T/T,G/G,G/G,G/G,G/G,G/G,G/G,C/C,G/G,G/G,T/T,G/G,G/G,G/G,A/A,C/C,C/C,C/C,C/C,C/A
*12/*32,C/C,C/C,T/T,G/G,C/C,G/G,A/A,C/C,T/T,T/T,A/A,A/A,A/A,C/C,C/C,G/G,A/G,A/A,T/T,G/G,G/G,G/G,G/G,G/G,G/G,C/C,G/G,G/G,T/T,G/G,G/G,G/G,A/A,C/C,C/C,C/C,C/C,C/A
*12/*33,C/C,C/C,T/T,G/G,C/C,G/G,A/A,C/C,T/T,T/T,A/A,A/A,A/A,C/C,C/C,G/G,A/A,A/A,T/T,G/G,G/G,G/G,G/G,G/A,G/G,C/C,G/G,G/G,T/T,G/G,G/G,G/G,A/A,C/C,C/C,C/C,C/C,C/A
*12/*34,C/C,C/C,T/T,G/G,C/C,G/A,A/A,C/T,T/C,T/T,A/A,A/A,A/A,C/C,C/C,G/G,A/A,A/A,T/T,G/G,G/G,G/G,G/G,G/G,G/G,C/C,G/G,G/G,T/T,G/G,G/G,G/G,A/A,C/C,C/C,C/C,C/C,C/A
*12/*35,C/C,C/C,T/T,G/G,C/C,G/G,A/A,C/C,T/T,T/T,A/A,A/A,A/A,C/C,C/C,G/G,A/A,A/G,T/T,G/G,G/G,G/G,G/G,G/G,G/G,C/C,G/G,G/G,T/T,G/G,G/G,G/G,A/A,C/C,C/C,C/C,C/C,C/A
*13/*13,C/C,C/C,T/T,G/G,C/C,G/G,A/A,C/C,T/T,T/T,A/A,A/A,A/A,C/C,C/C,G/G,A/A,A/A,T/T,G/G,G/G,G/G,G/G,G/G,G/G,C/C,G/G,G/G,T/T,G/G,G/G,G/G,A/A,T/T,C/C,C/C,C/C,A/A
*13/*14,C/C,C/C,T/T,G/G,C/C,G/G,A/A,C/C,T/T,T/C,A/A,A/A,A/A,C/C,C/C,G/G,A/A,A/A,T/T,G/G,G/G,G/G,G/G,G/G,G/G,C/C,G/G,G/G,T/T,G/G,G/G,G/G,A/A,T/C,C/C,C/C,C/C,A/A
*13/*15,C/C,C/C,T/T,G/G,C/C,G/G,A/A,C/C,T/T,T/T,A/C,A/A,A/A,C/C,C/C,G/G,A/A,A/A,T/T,G/G,G/G,G/G,G/G,G/G,G/G,C/C,G/G,G/G,T/T,G/G,G/G,G/G,A/A,T/C,C/C,C/C,C/C,A/A
*13/*16,C/C,C/C,T/T,G/G,C/C,G/G,A/A,C/C,T/T,T/T,A/A,A/A,A/A,C/C,C/C,G/G,A/A,A/A,T/T,G/G,G/G,G/G,G/G,G/G,G/G,C/C,G/G,G/G,T/T,G/G,G/G,G/G,A/A,T/C,C/C,C/T,C/C,A/A
*13/*17,C/C,C/C,T/T,G/G,C/T,G/G,A/A,C/C,T/T,T/T,A/A,A/A,A/A,C/C,C/C,G/G,A/A,A/A,T/T,G/G,G/G,G/G,G/G,G/G,G/G,C/C,G/G,G/G,T/T,G/G,G/G,G/G,A/A,T/C,C/C,C/C,C/C,A/A
*13/*18,C/C,C/C,T/T,G/G,C/C,G/G,A/A,C/C,T/T,T/T,A/A,A/A,A/A,C/C,C/C,G/G,A/A,A/A,T/T,G/G,G/G,G/G,G/G,G/G,G/G,C/C,G/G,G/G,T/T,G/A,G/G,G/G,A/A,T/C,C/C,C/C,C/C,A/A
*13/*19,C/C,C/C,T/T,G/G,C/C,G/G,A/A,C/C,T/T,T/T,A/A,A/A,A/G,C/C,C/C,G/G,A/A,A/A,T/T,G/G,G/G,G/G,G/G,G/G,G/G,C/C,G/G,G/G,T/T,G/G,G/G,G/G,A/A,T/C,C/C,C/C,C/C,A/A
*13/*22,C/C,C/C,T/T,G/G,C/C,G/G,A/A,C/C,T/T,T/T,A/A,A/A,A/A,C/C,C/C,G/G,A/A,A/A,T/T,G/G,G/G,G/G,G/C,G/G,G/G,C/C,G/G,G/G,T/T,G/G,G/G,G/G,A/A,T/C,C/C,C/C,C/C,A/A
*13/*23,C/C,C/C,T/T,G/G,C/C,G/G,A/A,C/C,T/T,T/T,A/A,A/A,A/A,C/C,C/C,G/C,A/A,A/A,T/T,G/G,G/G,G/G,G/G,G/G,G/G,C/C,G/G,G/G,T/T,G/G,G/G,G/G,A/A,T/C,C/C,C/C,C/C,A/A
*13/*24,C/C,C/C,T/T,G/G,C/C,G/G,A/A,C/C,T/T,T/T,A/A,A/A,A/A,C/C,C/C,G/G,A/A,A/A,T/T,G/G,G/G,G/G,G/G,G/G,G/G,C/C,G/G,G/G,T/T,G/G,G/A,G/G,A/G,T/C,C/C,C/C,C/C,A/A
*13/*25,C/C,C/C,T/T,G/G,C/C,G/G,A/A,C/C,T/T,T/T,A/A,A/A,A/A,C/C,C/C,G/G,A/A,A/A,T/T,G/G,G/G,G/G,G/G,G/G,G/G,C/C,G/G,G/G,T/T,G/G,G/G,G/G,A/A,T/C,C/C,C/C,C/G,A/A
*13/*26,C/C,C/C,T/T,G/G,C/C,G/G,A/A,C/C,T/T,T/T,A/A,A/A,A/A,C/C,C/C,G/G,A/A,A/A,T/T,G/G,G/G,G/G,G/G,G/G,G/G,C/C,G/G,G/A,T/T,G/G,G/G,G/G,A/A,T/C,C/C,C/C,C/C,A/A
*13/*27,C/C,C/C,T/T,G/A,C/C,G/G,A/A,C/C,T/T,T/T,A/A,A/A,A/A,C/C,C/C,G/G,A/A,A/A,T/T,G/G,G/G,G/G,G/G,G/G,G/G,C/C,G/G,G/G,T/T,G/G,G/G,G/G,A/A,T/C,C/C,C/C,C/C,A/A
*13/*28,C/T,C/A,T/C,G/G,C/C,G/G,A/A,C/C,T/T,T/T,A/C,A/A,A/A,C/C,C/C,G/G,A/A,A/A,T/T,G/G,G/G,G/G,G/G,G/G,G/G,C/C,G/G,G/G,T/T,G/G,G/G,G/A,A/A,T/C,C/C,C/C,C/C,A/A
*13/*29,C/C,C/C,T/T,G/G,C/C,G/G,A/A,C/C,T/T,T/T,A/A,A/T,A/A,C/C,C/C,G/G,A/A,A/A,T/T,G/G,G/G,G/G,G/G,G/G,G/G,C/C,G/G,G/G,T/T,G/G,G/G,G/G,A/A,T/C,C/C,C/C,C/C,A/A
*13/*30,C/C,C/C,T/T,G/G,C/C,G/G,A/A,C/C,T/T,T/T,A/A,A/A,A/A,C/T,C/C,G/G,A/A,A/A,T/T,G/G,G/G,G/G,G/G,G/G,G/G,C/C,G/G,G/G,T/T,G/G,G/G,G/G,A/A,T/C,C/C,C/C,C/C,A/A
*13/*31,C/C,C/C,T/T,G/G,C/C,G/G,A/A,C/C,T/T,T/T,A/A,A/A,A/A,C/C,C/T,G/G,A/A,A/A,T/T,G/G,G/G,G/G,G/G,G/G,G/G,C/C,G/G,G/G,T/T,G/G,G/G,G/G,A/A,T/C,C/C,C/C,C/C,A/A
*13/*32,C/C,C/C,T/T,G/G,C/C,G/G,A/A,C/C,T/T,T/T,A/A,A/A,A/A,C/C,C/C,G/G,A/G,A/A,T/T,G/G,G/G,G/G,G/G,G/G,G/G,C/C,G/G,G/G,T/T,G/G,G/G,G/G,A/A,T/C,C/C,C/C,C/C,A/A
*13/*33,C/C,C/C,T/T,G/G,C/C,G/G,A/A,C/C,T/T,T/T,A/A,A/A,A/A,C/C,C/C,G/G,A/A,A/A,T/T,G/G,G/G,G/G,G/G,G/A,G/G,C/C,G/G,G/G,T/T,G/G,G/G,G/G,A/A,T/C,C/C,C/C,C/C,A/A
*13/*34,C/C,C/C,T/T,G/G,C/C,G/A,A/A,C/T,T/C,T/T,A/A,A/A,A/A,C/C,C/C,G/G,A/A,A/A,T/T,G/G,G/G,G/G,G/G,G/G,G/G,C/C,G/G,G/G,T/T,G/G,G/G,G/G,A/A,T/C,C/C,C/C,C/C,A/A
*13/*35,C/C,C/C,T/T,G/G,C/C,G/G,A/A,C/C,T/T,T/T,A/A,A/A,A/A,C/C,C/C,G/G,A/A,A/G,T/T,G/G,G/G,G/G,G/G,G/G,G/G,C/C,G/G,G/G,T/T,G/G,G/G,G/G,A/A,T/C,C/C,C/C,C/C,A/A
*14/*14,C/C,C/C,T/T,G/G,C/C,G/G,A/A,C/C,T/T,C/C,A/A,A/A,A/A,C/C,C/C,G/G,A/A,A/A,T/T,G/G,G/G,G/G,G/G,G/G,G/G,C/C,G/G,G/G,T/T,G/G,G/G,G/G,A/A,C/C,C/C,C/C,C/C,A/A
*14/*15,C/C,C/C,T/T,G/G,C/C,G/G,A/A,C/C,T/T,C/T,A/C,A/A,A/A,C/C,C/C,G/G,A/A,A/A,T/T,G/G,G/G,G/G,G/G,G/G,G/G,C/C,G/G,G/G,T/T,G/G,G/G,G/G,A/A,C/C,C/C,C/C,C/C,A/A
*14/*16,C/C,C/C,T/T,G/G,C/C,G/G,A/A,C/C,T/T,C/T,A/A,A/A,A/A,C/C,C/C,G/G,A/A,A/A,T/T,G/G,G/G,G/G,G/G,G/G,G/G,C/C,G/G,G/G,T/T,G/G,G/G,G/G,A/A,C/C,C/C,C/T,C/C,A/A
*14/*17,C/C,C/C,T/T,G/G,C/T,G/G,A/A,C/C,T/T,C/T,A/A,A/A,A/A,C/C,C/C,G/G,A/A,A/A,T/T,G/G,G/G,G/G,G/G,G/G,G/G,C/C,G/G,G/G,T/T,G/G,G/G,G/G,A/A,C/C,C/C,C/C,C/C,A/A
*14/*18,C/C,C/C,T/T,G/G,C/C,G/G,A/A,C/C,T/T,C/T,A/A,A/A,A/A,C/C,C/C,G/G,A/A,A/A,T/T,G/G,G/G,G/G,G/G,G/G,G/G,C/C,G/G,G/G,T/T,G/A,G/G,G/G,A/A,C/C,C/C,C/C,C/C,A/A
*14/*19,C/C,C/C,T/T,G/G,C/C,G/G,A/A,C/C,T/T,C/T,A/A,A/A,A/G,C/C,C/C,G/G,A/A,A/A,T/T,G/G,G/G,G/G,G/G,G/G,G/G,C/C,G/G,G/G,T/T,G/G,G/G,G/G,A/A,C/C,C/C,C/C,C/C,A/A
*14/*22,C/C,C/C,T/T,G/G,C/C,G/G,A/A,C/C,T/T,C/T,A/A,A/A,A/A,C/C,C/C,G/G,A/A,A/A,T/T,G/G,G/G,G/G,G/C,G/G,G/G,C/C,G/G,G/G,T/T,G/G,G/G,G/G,A/A,C/C,C/C,C/C,C/C,A/A
*14/*23,C/C,C/C,T/T,G/G,C/C,G/G,A/A,C/C,T/T,C/T,A/A,A/A,A/A,C/C,C/C,G/C,A/A,A/A,T/T,G/G,G/G,G/G,G/G,G/G,G/G,C/C,G/G,G/G,T/T,G/G,G/G,G/G,A/A,C/C,C/C,C/C,C/C,A/A
*14/*24,C/C,C/C,T/T,G/G,C/C,G/G,A/A,C/C,T/T,C/T,A/A,A/A,A/A,C/C,C/C,G/G,A/A,A/A,T/T,G/G,G/G,G/G,G/G,G/G,G/G,C/C,G/G,G/G,T/T,G/G,G/A,G/G,A/G,C/C,C/C,C/C,C/C,A/A
*14/*25,C/C,C/C,T/T,G/G,C/C,G/G,A/A,C/C,T/T,C/T,A/A,A/A,A/A,C/C,C/C,G/G,A/A,A/A,T/T,G/G,G/G,G/G,G/G,G/G,G/G,C/C,G/G,G/G,T/T,G/G,G/G,G/G,A/A,C/C,C/C,C/C,C/G,A/A
*14/*26,C/C,C/C,T/T,G/G,C/C,G/G,A/A,C/C,T/T,C/T,A/A,A/A,A/A,C/C,C/C,G/G,A/A,A/A,T/T,G/G,G/G,G/G,G/G,G/G,G/G,C/C,G/G,G/A,T/T,G/G,G/G,G/G,A/A,C/C,C/C,C/C,C/C,A/A
*14/*27,C/C,C/C,T/T,G/A,C/C,G/G,A/A,C/C,T/T,C/T,A/A,A/A,A/A,C/C,C/C,G/G,A/A,A/A,T/T,G/G,G/G,G/G,G/G,G/G,G/G,C/C,G/G,G/G,T/T,G/G,G/G,G/G,A/A,C/C,C/C,C/C,C/C,A/A
*14/*28,C/T,C/A,T/C,G/G,C/C,G/G,A/A,C/C,T/T,C/T,A/C,A/A,A/A,C/C,C/C,G/G,A/A,A/A,T/T,G/G,G/G,G/G,G/G,G/G,G/G,C/C,G/G,G/G,T/T,G/G,G/G,G/A,A/A,C/C,C/C,C/C,C/C,A/A
*14/*29,C/C,C/C,T/T,G/G,C/C,G/G,A/A,C/C,T/T,C/T,A/A,A/T,A/A,C/C,C/C,G/G,A/A,A/A,T/T,G/G,G/G,G/G,G/G,G/G,G/G,C/C,G/G,G/G,T/T,G/G,G/G,G/G,A/A,C/C,C/C,C/C,C/C,A/A
*14/*30,C/C,C/C,T/T,G/G,C/C,G/G,A/A,C/C,T/T,C/T,A/A,A/A,A/A,C/T,C/C,G/G,A/A,A/A,T/T,G/G,G/G,G/G,G/G,G/G,G/G,C/C,G/G,G/G,T/T,G/G,G/G,G/G,A/A,C/C,C/C,C/C,C/C,A/A
*14/*31,C/C,C/C,T/T,G/G,C/C,G/G,A/A,C/C,T/T,C/T,A/A,A/A,A/A,C/C,C/T,G/G,A/A,A/A,T/T,G/G,G/G,G/G,G/G,G/G,G/G,C/C,G/G,G/G,T/T,G/G,G/G,G/G,A/A,C/C,C/C,C/C,C/C,A/A
*14/*32,C/C,C/C,T/T,G/G,C/C,G/G,A/A,C/C,T/T,C/T,A/A,A/A,A/A,C/C,C/C,G/G,A/G,A/A,T/T,G/G,G/G,G/G,G/G,G/G,G/G,C/C,G/G,G/G,T/T,G/G,G/G,G/G,A/A,C/C,C/C,C/C,C/C,A/A
*14/*33,C/C,C/C,T/T,G/G,C/C,G/G,A/A,C/C,T/T,C/T,A/A,A/A,A/A,C/C,C/C,G/G,A/A,A/A,T/T,G/G,G/G,G/G,G/G,G/A,G/G,C/C,G/G,G/G,T/T,G/G,G/G,G/G,A/A,C/C,C/C,C/C,C/C,A/A
*14/*34,C/C,C/C,T/T,G/G,C/C,G/A,A/A,C/T,T/C,C/T,A/A,A/A,A/A,C/C,C/C,G/G,A/A,A/A,T/T,G/G,G/G,G/G,G/G,G/G,G/G,C/C,G/G,G/G,T/T,G/G,G/G,G/G,A/A,C/C,C/C,C/C,C/C,A/A
*14/*35,C/C,C/C,T/T,G/G,C/C,G/G,A/A,C/C,T/T,C/T,A/A,A/A,A/A,C/C,C/C,G/G,A/A,A/G,T/T,G/G,G/G,G/G,G/G,G/G,G/G,C/C,G/G,G/G,T/T,G/G,G/G,G/G,A/A,C/C,C/C,C/C,C/C,A/A
*15/*15,C/C,C/C,T/T,G/G,C/C,G/G,A/A,C/C,T/T,T/T,C/C,A/A,A/A,C/C,C/C,G/G,A/A,A/A,T/T,G/G,G/G,G/G,G/G,G/G,G/G,C/C,G/G,G/G,T/T,G/G,G/G,G/G,A/A,C/C,C/C,C/C,C/C,A/A
*15/*16,C/C,C/C,T/T,G/G,C/C,G/G,A/A,C/C,T/T,T/T,C/A,A/A,A/A,C/C,C/C,G/G,A/A,A/A,T/T,G/G,G/G,G/G,G/G,G/G,G/G,C/C,G/G,G/G,T/T,G/G,G/G,G/G,A/A,C/C,C/C,C/T,C/C,A/A
*15/*17,C/C,C/C,T/T,G/G,C/T,G/G,A/A,C/C,T/T,T/T,C/A,A/A,A/A,C/C,C/C,G/G,A/A,A/A,T/T,G/G,G/G,G/G,G/G,G/G,G/G,C/C,G/G,G/G,T/T,G/G,G/G,G/G,A/A,C/C,C/C,C/C,C/C,A/A
*15/*18,C/C,C/C,T/T,G/G,C/C,G/G,A/A,C/C,T/T,T/T,C/A,A/A,A/A,C/C,C/C,G/G,A/A,A/A,T/T,G/G,G/G,G/G,G/G,G/G,G/G,C/C,G/G,G/G,T/T,G/A,G/G,G/G,A/A,C/C,C/C,C/C,C/C,A/A
*15/*19,C/C,C/C,T/T,G/G,C/C,G/G,A/A,C/C,T/T,T/T,C/A,A/A,A/G,C/C,C/C,G/G,A/A,A/A,T/T,G/G,G/G,G/G,G/G,G/G,G/G,C/C,G/G,G/G,T/T,G/G,G/G,G/G,A/A,C/C,C/C,C/C,C/C,A/A
*15/*22,C/C,C/C,T/T,G/G,C/C,G/G,A/A,C/C,T/T,T/T,C/A,A/A,A/A,C/C,C/C,G/G,A/A,A/A,T/T,G/G,G/G,G/G,G/C,G/G,G/G,C/C,G/G,G/G,T/T,G/G,G/G,G/G,A/A,C/C,C/C,C/C,C/C,A/A
*15/*23,C/C,C/C,T/T,G/G,C/C,G/G,A/A,C/C,T/T,T/T,C/A,A/A,A/A,C/C,C/C,G/C,A/A,A/A,T/T,G/G,G/G,G/G,G/G,G/G,G/G,C/C,G/G,G/G,T/T,G/G,G/G,G/G,A/A,C/C,C/C,C/C,C/C,A/A
*15/*24,C/C,C/C,T/T,G/G,C/C,G/G,A/A,C/C,T/T,T/T,C/A,A/A,A/A,C/C,C/C,G/G,A/A,A/A,T/T,G/G,G/G,G/G,G/G,G/G,G/G,C/C,G/G,G/G,T/T,G/G,G/A,G/G,A/G,C/C,C/C,C/C,C/C,A/A
*15/*25,C/C,C/C,T/T,G/G,C/C,G/G,A/A,C/C,T/T,T/T,C/A,A/A,A/A,C/C,C/C,G/G,A/A,A/A,T/T,G/G,G/G,G/G,G/G,G/G,G/G,C/C,G/G,G/G,T/T,G/G,G/G,G/G,A/A,C/C,C/C,C/C,C/G,A/A
*15/*26,C/C,C/C,T/T,G/G,C/C,G/G,A/A,C/C,T/T,T/T,C/A,A/A,A/A,C/C,C/C,G/G,A/A,A/A,T/T,G/G,G/G,G/G,G/G,G/G,G/G,C/C,G/G,G/A,T/T,G/G,G/G,G/G,A/A,C/C,C/C,C/C,C/C,A/A
*15/*27,C/C,C/C,T/T,G/A,C/C,G/G,A/A,C/C,T/T,T/T,C/A,A/A,A/A,C/C,C/C,G/G,A/A,A/A,T/T,G/G,G/G,G/G,G/G,G/G,G/G,C/C,G/G,G/G,T/T,G/G,G/G,G/G,A/A,C/C,C/C,C/C,C/C,A/A
*15/*28,C/T,C/A,T/C,G/G,C/C,G/G,A/A,C/C,T/T,T/T,C/C,A/A,A/A,C/C,C/C,G/G,A/A,A/A,T/T,G/G,G/G,G/G,G/G,G/G,G/G,C/C,G/G,G/G,T/T,G/G,G/G,G/A,A/A,C/C,C/C,C/C,C/C,A/A
*15/*29,C/C,C/C,T/T,G/G,C/C,G/G,A/A,C/C,T/T,T/T,C/A,A/T,A/A,C/C,C/C,G/G,A/A,A/A,T/T,G/G,G/G,G/G,G/G,G/G,G/G,C/C,G/G,G/G,T/T,G/G,G/G,G/G,A/A,C/C,C/C,C/C,C/C,A/A
*15/*30,C/C,C/C,T/T,G/G,C/C,G/G,A/A,C/C,T/T,T/T,C/A,A/A,A/A,C/T,C/C,G/G,A/A,A/A,T/T,G/G,G/G,G/G,G/G,G/G,G/G,C/C,G/G,G/G,T/T,G/G,G/G,G/G,A/A,C/C,C/C,C/C,C/C,A/A
*15/*31,C/C,C/C,T/T,G/G,C/C,G/G,A/A,C/C,T/T,T/T,C/A,A/A,A/A,C/C,C/T,G/G,A/A,A/A,T/T,G/G,G/G,G/G,G/G,G/G,G/G,C/C,G/G,G/G,T/T,G/G,G/G,G/G,A/A,C/C,C/C,C/C,C/C,A/A
*15/*32,C/C,C/C,T/T,G/G,C/C,G/G,A/A,C/C,T/T,T/T,C/A,A/A,A/A,C/C,C/C,G/G,A/G,A/A,T/T,G/G,G/G,G/G,G/G,G/G,G/G,C/C,G/G,G/G,T/T,G/G,G/G,G/G,A/A,C/C,C/C,C/C,C/C,A/A
*15/*33,C/C,C/C,T/T,G/G,C/C,G/G,A/A,C/C,T/T,T/T,C/A,A/A,A/A,C/C,C/C,G/G,A/A,A/A,T/T,G/G,G/G,G/G,G/G,G/A,G/G,C/C,G/G,G/G,T/T,G/G,G/G,G/G,A/A,C/C,C/C,C/C,C/C,A/A
*15/*34,C/C,C/C,T/T,G/G,C/C,G/A,A/A,C/T,T/C,T/T,C/A,A/A,A/A,C/C,C/C,G/G,A/A,A/A,T/T,G/G,G/G,G/G,G/G,G/G,G/G,C/C,G/G,G/G,T/T,G/G,G/G,G/G,A/A,C/C,C/C,C/C,C/C,A/A
*15/*35,C/C,C/C,T/T,G/G,C/C,G/G,A/A,C/C,T/T,T/T,C/A,A/A,A/A,C/C,C/C,G/G,A/A,A/G,T/T,G/G,G/G,G/G,G/G,G/G,G/G,C/C,G/G,G/G,T/T,G/G,G/G,G/G,A/A,C/C,C/C,C/C,C/C,A/A
*16/*16,C/C,C/C,T/T,G/G,C/C,G/G,A/A,C/C,T/T,T/T,A/A,A/A,A/A,C/C,C/C,G/G,A/A,A/A,T/T,G/G,G/G,G/G,G/G,G/G,G/G,C/C,G/G,G/G,T/T,G/G,G/G,G/G,A/A,C/C,C/C,T/T,C/C,A/A
*16/*17,C/C,C/C,T/T,G/G,C/T,G/G,A/A,C/C,T/T,T/T,A/A,A/A,A/A,C/C,C/C,G/G,A/A,A/A,T/T,G/G,G/G,G/G,G/G,G/G,G/G,C/C,G/G,G/G,T/T,G/G,G/G,G/G,A/A,C/C,C/C,T/C,C/C,A/A
*16/*18,C/C,C/C,T/T,G/G,C/C,G/G,A/A,C/C,T/T,T/T,A/A,A/A,A/A,C/C,C/C,G/G,A/A,A/A,T/T,G/G,G/G,G/G,G/G,G/G,G/G,C/C,G/G,G/G,T/T,G/A,G/G,G/G,A/A,C/C,C/C,T/C,C/C,A/A
*16/*19,C/C,C/C,T/T,G/G,C/C,G/G,A/A,C/C,T/T,T/T,A/A,A/A,A/G,C/C,C/C,G/G,A/A,A/A,T/T,G/G,G/G,G/G,G/G,G/G,G/G,C/C,G/G,G/G,T/T,G/G,G/G,G/G,A/A,C/C,C/C,T/C,C/C,A/A
*16/*22,C/C,C/C,T/T,G/G,C/C,G/G,A/A,C/C,T/T,T/T,A/A,A/A,A/A,C/C,C/C,G/G,A/A,A/A,T/T,G/G,G/G,G/G,G/C,G/G,G/G,C/C,G/G,G/G,T/T,G/G,G/G,G/G,A/A,C/C,C/C,T/C,C/C,A/A
*16/*23,C/C,C/C,T/T,G/G,C/C,G/G,A/A,C/C,T/T,T/T,A/A,A/A,A/A,C/C,C/C,G/C,A/A,A/A,T/T,G/G,G/G,G/G,G/G,G/G,G/G,C/C,G/G,G/G,T/T,G/G,G/G,G/G,A/A,C/C,C/C,T/C,C/C,A/A
*16/*24,C/C,C/C,T/T,G/G,C/C,G/G,A/A,C/C,T/T,T/T,A/A,A/A,A/A,C/C,C/C,G/G,A/A,A/A,T/T,G/G,G/G,G/G,G/G,G/G,G/G,C/C,G/G,G/G,T/T,G/G,G/A,G/G,A/G,C/C,C/C,T/C,C/C,A/A
*16/*25,C/C,C/C,T/T,G/G,C/C,G/G,A/A,C/C,T/T,T/T,A/A,A/A,A/A,C/C,C/C,G/G,A/A,A/A,T/T,G/G,G/G,G/G,G/G,G/G,G/G,C/C,G/G,G/G,T/T,G/G,G/G,G/G,A/A,C/C,C/C,T/C,C/G,A/A
*16/*26,C/C,C/C,T/T,G/G,C/C,G/G,A/A,C/C,T/T,T/T,A/A,A/A,A/A,C/C,C/C,G/G,A/A,A/A,T/T,G/G,G/G,G/G,G/G,G/G,G/G,C/C,G/G,G/A,T/T,G/G,G/G,G/G,A/A,C/C,C/C,T/C,C/C,A/A
*16/*27,C/C,C/C,T/T,G/A,C/C,G/G,A/A,C/C,T/T,T/T,A/A,A/A,A/A,C/C,C/C,G/G,A/A,A/A,T/T,G/G,G/G,G/G,G/G,G/G,G/G,C/C,G/G,G/G,T/T,G/G,G/G,G/G,A/A,C/C,C/C,T/C,C/C,A/A
*16/*28,C/T,C/A,T/C,G/G,C/C,G/G,A/A,C/C,T/T,T/T,A/C,A/A,A/A,C/C,C/C,G/G,A/A,A/A,T/T,G/G,G/G,G/G,G/G,G/G,G/G,C/C,G/G,G/G,T/T,G/G,G/G,G/A,A/A,C/C,C/C,T/C,C/C,A/A
*16/*29,C/C,C/C,T/T,G/G,C/C,G/G,A/A,C/C,T/T,T/T,A/A,A/T,A/A,C/C,C/C,G/G,A/A,A/A,T/T,G/G,G/G,G/G,G/G,G/G,G/G,C/C,G/G,G/G,T/T,G/G,G/G,G/G,A/A,C/C,C/C,T/C,C/C,A/A
*16/*30,C/C,C/C,T/T,G/G,C/C,G/G,A/A,C/C,T/T,T/T,A/A,A/A,A/A,C/T,C/C,G/G,A/A,A/A,T/T,G/G,G/G,G/G,G/G,G/G,G/G,C/C,G/G,G/G,T/T,G/G,G/G,G/G,A/A,C/C,C/C,T/C,C/C,A/A
*16/*31,C/C,C/C,T/T,G/G,C/C,G/G,A/A,C/C,T/T,T/T,A/A,A/A,A/A,C/C,C/T,G/G,A/A,A/A,T/T,G/G,G/G,G/G,G/G,G/G,G/G,C/C,G/G,G/G,T/T,G/G,G/G,G/G,A/A,C/C,C/C,T/C,C/C,A/A
*16/*32,C/C,C/C,T/T,G/G,C/C,G/G,A/A,C/C,T/T,T/T,A/A,A/A,A/A,C/C,C/C,G/G,A/G,A/A,T/T,G/G,G/G,G/G,G/G,G/G,G/G,C/C,G/G,G/G,T/T,G/G,G/G,G/G,A/A,C/C,C/C,T/C,C/C,A/A
*16/*33,C/C,C/C,T/T,G/G,C/C,G/G,A/A,C/C,T/T,T/T,A/A,A/A,A/A,C/C,C/C,G/G,A/A,A/A,T/T,G/G,G/G,G/G,G/G,G/A,G/G,C/C,G/G,G/G,T/T,G/G,G/G,G/G,A/A,C/C,C/C,T/C,C/C,A/A
*16/*34,C/C,C/C,T/T,G/G,C/C,G/A,A/A,C/T,T/C,T/T,A/A,A/A,A/A,C/C,C/C,G/G,A/A,A/A,T/T,G/G,G/G,G/G,G/G,G/G,G/G,C/C,G/G,G/G,T/T,G/G,G/G,G/G,A/A,C/C,C/C,T/C,C/C,A/A
*16/*35,C/C,C/C,T/T,G/G,C/C,G/G,A/A,C/C,T/T,T/T,A/A,A/A,A/A,C/C,C/C,G/G,A/A,A/G,T/T,G/G,G/G,G/G,G/G,G/G,G/G,C/C,G/G,G/G,T/T,G/G,G/G,G/G,A/A,C/C,C/C,T/C,C/C,A/A
*17/*17,C/C,C/C,T/T,G/G,T/T,G/G,A/A,C/C,T/T,T/T,A/A,A/A,A/A,C/C,C/C,G/G,A/A,A/A,T/T,G/G,G/G,G/G,G/G,G/G,G/G,C/C,G/G,G/G,T/T,G/G,G/G,G/G,A/A,C/C,C/C,C/C,C/C,A/A
*17/*18,C/C,C/C,T/T,G/G,T/C,G/G,A/A,C/C,T/T,T/T,A/A,A/A,A/A,C/C,C/C,G/G,A/A,A/A,T/T,G/G,G/G,G/G,G/G,G/G,G/G,C/C,G/G,G/G,T/T,G/A,G/G,G/G,A/A,C/C,C/C,C/C,C/C,A/A
*17/*19,C/C,C/C,T/T,G/G,T/C,G/G,A/A,C/C,T/T,T/T,A/A,A/A,A/G,C/C,C/C,G/G,A/A,A/A,T/T,G/G,G/G,G/G,G/G,G/G,G/G,C/C,G/G,G/G,T/T,G/G,G/G,G/G,A/A,C/C,C/C,C/C,C/C,A/A
*17/*22,C/C,C/C,T/T,G/G,T/C,G/G,A/A,C/C,T/T,T/T,A/A,A/A,A/A,C/C,C/C,G/G,A/A,A/A,T/T,G/G,G/G,G/G,G/C,G/G,G/G,C/C,G/G,G/G,T/T,G/G,G/G,G/G,A/A,C/C,C/C,C/C,C/C,A/A
*17/*23,C/C,C/C,T/T,G/G,T/C,G/G,A/A,C/C,T/T,T/T,A/A,A/A,A/A,C/C,C/C,G/C,A/A,A/A,T/T,G/G,G/G,G/G,G/G,G/G,G/G,C/C,G/G,G/G,T/T,G/G,G/G,G/G,A/A,C/C,C/C,C/C,C/C,A/A
*17/*24,C/C,C/C,T/T,G/G,T/C,G/G,A/A,C/C,T/T,T/T,A/A,A/A,A/A,C/C,C/C,G/G,A/A,A/A,T/T,G/G,G/G,G/G,G/G,G/G,G/G,C/C,G/G,G/G,T/T,G/G,G/A,G/G,A/G,C/C,C/C,C/C,C/C,A/A
*17/*25,C/C,C/C,T/T,G/G,T/C,G/G,A/A,C/C,T/T,T/T,A/A,A/A,A/A,C/C,C/C,G/G,A/A,A/A,T/T,G/G,G/G,G/G,G/G,G/G,G/G,C/C,G/G,G/G,T/T,G/G,G/G,G/G,A/A,C/C,C/C,C/C,C/G,A/A
*17/*26,C/C,C/C,T/T,G/G,T/C,G/G,A/A,C/C,T/T,T/T,A/A,A/A,A/A,C/C,C/C,G/G,A/A,A/A,T/T,G/G,G/G,G/G,G/G,G/G,G/G,C/C,G/G,G/A,T/T,G/G,G/G,G/G,A/A,C/C,C/C,C/C,C/C,A/A
*17/*27,C/C,C/C,T/T,G/A,T/C,G/G,A/A,C/C,T/T,T/T,A/A,A/A,A/A,C/C,C/C,G/G,A/A,A/A,T/T,G/G,G/G,G/G,G/G,G/G,G/G,C/C,G/G,G/G,T/T,G/G,G/G,G/G,A/A,C/C,C/C,C/C,C/C,A/A
*17/*28,C/T,C/A,T/C,G/G,T/C,G/G,A/A,C/C,T/T,T/T,A/C,A/A,A/A,C/C,C/C,G/G,A/A,A/A,T/T,G/G,G/G,G/G,G/G,G/G,G/G,C/C,G/G,G/G,T/T,G/G,G/G,G/A,A/A,C/C,C/C,C/C,C/C,A/A
*17/*29,C/C,C/C,T/T,G/G,T/C,G/G,A/A,C/C,T/T,T/T,A/A,A/T,A/A,C/C,C/C,G/G,A/A,A/A,T/T,G/G,G/G,G/G,G/G,G/G,G/G,C/C,G/G,G/G,T/T,G/G,G/G,G/G,A/A,C/C,C/C,C/C,C/C,A/A
*17/*30,C/C,C/C,T/T,G/G,T/C,G/G,A/A,C/C,T/T,T/T,A/A,A/A,A/A,C/T,C/C,G/G,A/A,A/A,T/T,G/G,G/G,G/G,G/G,G/G,G/G,C/C,G/G,G/G,T/T,G/G,G/G,G/G,A/A,C/C,C/C,C/C,C/C,A/A
*17/*31,C/C,C/C,T/T,G/G,T/C,G/G,A/A,C/C,T/T,T/T,A/A,A/A,A/A,C/C,C/T,G/G,A/A,A/A,T/T,G/G,G/G,G/G,G/G,G/G,G/G,C/C,G/G,G/G,T/T,G/G,G/G,G/G,A/A,C/C,C/C,C/C,C/C,A/A
*17/*32,C/C,C/C,T/T,G/G,T/C,G/G,A/A,C/C,T/T,T/T,A/A,A/A,A/A,C/C,C/C,G/G,A/G,A/A,T/T,G/G,G/G,G/G,G/G,G/G,G/G,C/C,G/G,G/G,T/T,G/G,G/G,G/G,A/A,C/C,C/C,C/C,C/C,A/A
*17/*33,C/C,C/C,T/T,G/G,T/C,G/G,A/A,C/C,T/T,T/T,A/A,A/A,A/A,C/C,C/C,G/G,A/A,A/A,T/T,G/G,G/G,G/G,G/G,G/A,G/G,C/C,G/G,G/G,T/T,G/G,G/G,G/G,A/A,C/C,C/C,C/C,C/C,A/A
*17/*34,C/C,C/C,T/T,G/G,T/C,G/A,A/A,C/T,T/C,T/T,A/A,A/A,A/A,C/C,C/C,G/G,A/A,A/A,T/T,G/G,G/G,G/G,G/G,G/G,G/G,C/C,G/G,G/G,T/T,G/G,G/G,G/G,A/A,C/C,C/C,C/C,C/C,A/A
*17/*35,C/C,C/C,T/T,G/G,T/C,G/G,A/A,C/C,T/T,T/T,A/A,A/A,A/A,C/C,C/C,G/G,A/A,A/G,T/T,G/G,G/G,G/G,G/G,G/G,G/G,C/C,G/G,G/G,T/T,G/G,G/G,G/G,A/A,C/C,C/C,C/C,C/C,A/A
*18/*18,C/C,C/C,T/T,G/G,C/C,G/G,A/A,C/C,T/T,T/T,A/A,A/A,A/A,C/C,C/C,G/G,A/A,A/A,T/T,G/G,G/G,G/G,G/G,G/G,G/G,C/C,G/G,G/G,T/T,A/A,G/G,G/G,A/A,C/C,C/C,C/C,C/C,A/A
*18/*19,C/C,C/C,T/T,G/G,C/C,G/G,A/A,C/C,T/T,T/T,A/A,A/A,A/G,C/C,C/C,G/G,A/A,A/A,T/T,G/G,G/G,G/G,G/G,G/G,G/G,C/C,G/G,G/G,T/T,A/G,G/G,G/G,A/A,C/C,C/C,C/C,C/C,A/A
*18/*22,C/C,C/C,T/T,G/G,C/C,G/G,A/A,C/C,T/T,T/T,A/A,A/A,A/A,C/C,C/C,G/G,A/A,A/A,T/T,G/G,G/G,G/G,G/C,G/G,G/G,C/C,G/G,G/G,T/T,A/G,G/G,G/G,A/A,C/C,C/C,C/C,C/C,A/A
*18/*23,C/C,C/C,T/T,G/G,C/C,G/G,A/A,C/C,T/T,T/T,A/A,A/A,A/A,C/C,C/C,G/C,A/A,A/A,T/T,G/G,G/G,G/G,G/G,G/G,G/G,C/C,G/G,G/G,T/T,A/G,G/G,G/G,A/A,C/C,C/C,C/C,C/C,A/A
*18/*24,C/C,C/C,T/T,G/G,C/C,G/G,A/A,C/C,T/T,T/T,A/A,A/A,A/A,C/C,C/C,G/G,A/A,A/A,T/T,G/G,G/G,G/G,G/G,G/G,G/G,C/C,G/G,G/G,T/T,A/G,G/A,G/G,A/G,C/C,C/C,C/C,C/C,A/A
*18/*25,C/C,C/C,T/T,G/G,C/C,G/G,A/A,C/C,T/T,T/T,A/A,A/A,A/A,C/C,C/C,G/G,A/A,A/A,T/T,G/G,G/G,G/G,G/G,G/G,G/G,C/C,G/G,G/G,T/T,A/G,G/G,G/G,A/A,C/C,C/C,C/C,C/G,A/A
*18/*26,C/C,C/C,T/T,G/G,C/C,G/G,A/A,C/C,T/T,T/T,A/A,A/A,A/A,C/C,C/C,G/G,A/A,A/A,T/T,G/G,G/G,G/G,G/G,G/G,G/G,C/C,G/G,G/A,T/T,A/G,G/G,G/G,A/A,C/C,C/C,C/C,C/C,A/A
*18/*27,C/C,C/C,T/T,G/A,C/C,G/G,A/A,C/C,T/T,T/T,A/A,A/A,A/A,C/C,C/C,G/G,A/A,A/A,T/T,G/G,G/G,G/G,G/G,G/G,G/G,C/C,G/G,G/G,T/T,A/G,G/G,G/G,A/A,C/C,C/C,C/C,C/C,A/A
*18/*28,C/T,C/A,T/C,G/G,C/C,G/G,A/A,C/C,T/T,T/T,A/C,A/A,A/A,C/C,C/C,G/G,A/A,A/A,T/T,G/G,G/G,G/G,G/G,G/G,G/G,C/C,G/G,G/G,T/T,A/G,G/G,G/A,A/A,C/C,C/C,C/C,C/C,A/A
*18/*29,C/C,C/C,T/T,G/G,C/C,G/G,A/A,C/C,T/T,T/T,A/A,A/T,A/A,C/C,C/C,G/G,A/A,A/A,T/T,G/G,G/G,G/G,G/G,G/G,G/G,C/C,G/G,G/G,T/T,A/G,G/G,G/G,A/A,C/C,C/C,C/C,C/C,A/A
*18/*30,C/C,C/C,T/T,G/G,C/C,G/G,A/A,C/C,T/T,T/T,A/A,A/A,A/A,C/T,C/C,G/G,A/A,A/A,T/T,G/G,G/G,G/G,G/G,G/G,G/G,C/C,G/G,G/G,T/T,A/G,G/G,G/G,A/A,C/C,C/C,C/C,C/C,A/A
*18/*31,C/C,C/C,T/T,G/G,C/C,G/G,A/A,C/C,T/T,T/T,A/A,A/A,A/A,C/C,C/T,G/G,A/A,A/A,T/T,G/G,G/G,G/G,G/G,G/G,G/G,C/C,G/G,G/G,T/T,A/G,G/G,G/G,A/A,C/C,C/C,C/C,C/C,A/A
*18/*32,C/C,C/C,T/T,G/G,C/C,G/G,A/A,C/C,T/T,T/T,A/A,A/A,A/A,C/C,C/C,G/G,A/G,A/A,T/T,G/G,G/G,G/G,G/G,G/G,G/G,C/C,G/G,G/G,T/T,A/G,G/G,G/G,A/A,C/C,C/C,C/C,C/C,A/A
*18/*33,C/C,C/C,T/T,G/G,C/C,G/G,A/A,C/C,T/T,T/T,A/A,A/A,A/A,C/C,C/C,G/G,A/A,A/A,T/T,G/G,G/G,G/G,G/G,G/A,G/G,C/C,G/G,G/G,T/T,A/G,G/G,G/G,A/A,C/C,C/C,C/C,C/C,A/A
*18/*34,C/C,C/C,T/T,G/G,C/C,G/A,A/A,C/T,T/C,T/T,A/A,A/A,A/A,C/C,C/C,G/G,A/A,A/A,T/T,G/G,G/G,G/G,G/G,G/G,G/G,C/C,G/G,G/G,T/T,A/G,G/G,G/G,A/A,C/C,C/C,C/C,C/C,A/A
*18/*35,C/C,C/C,T/T,G/G,C/C,G/G,A/A,C/C,T/T,T/T,A/A,A/A,A/A,C/C,C/C,G/G,A/A,A/G,T/T,G/G,G/G,G/G,G/G,G/G,G/G,C/C,G/G,G/G,T/T,A/G,G/G,G/G,A/A,C/C,C/C,C/C,C/C,A/A
*19/*19,C/C,C/C,T/T,G/G,C/C,G/G,A/A,C/C,T/T,T/T,A/A,A/A,G/G,C/C,C/C,G/G,A/A,A/A,T/T,G/G,G/G,G/G,G/G,G/G,G/G,C/C,G/G,G/G,T/T,G/G,G/G,G/G,A/A,C/C,C/C,C/C,C/C,A/A
*19/*22,C/C,C/C,T/T,G/G,C/C,G/G,A/A,C/C,T/T,T/T,A/A,A/A,G/A,C/C,C/C,G/G,A/A,A/A,T/T,G/G,G/G,G/G,G/C,G/G,G/G,C/C,G/G,G/G,T/T,G/G,G/G,G/G,A/A,C/C,C/C,C/C,C/C,A/A
*19/*23,C/C,C/C,T/T,G/G,C/C,G/G,A/A,C/C,T/T,T/T,A/A,A/A,G/A,C/C,C/C,G/C,A/A,A/A,T/T,G/G,G/G,G/G,G/G,G/G,G/G,C/C,G/G,G/G,T/T,G/G,G/G,G/G,A/A,C/C,C/C,C/C,C/C,A/A
*19/*24,C/C,C/C,T/T,G/G,C/C,G/G,A/A,C/C,T/T,T/T,A/A,A/A,G/A,C/C,C/C,G/G,A/A,A/A,T/T,G/G,G/G,G/G,G/G,G/G,G/G,C/C,G/G,G/G,T/T,G/G,G/A,G/G,A/G,C/C,C/C,C/C,C/C,A/A
*19/*25,C/C,C/C,T/T,G/G,C/C,G/G,A/A,C/C,T/T,T/T,A/A,A/A,G/A,C/C,C/C,G/G,A/A,A/A,T/T,G/G,G/G,G/G,G/G,G/G,G/G,C/C,G/G,G/G,T/T,G/G,G/G,G/G,A/A,C/C,C/C,C/C,C/G,A/A
*19/*26,C/C,C/C,T/T,G/G,C/C,G/G,A/A,C/C,T/T,T/T,A/A,A/A,G/A,C/C,C/C,G/G,A/A,A/A,T/T,G/G,G/G,G/G,G/G,G/G,G/G,C/C,G/G,G/A,T/T,G/G,G/G,G/G,A/A,C/C,C/C,C/C,C/C,A/A
*19/*27,C/C,C/C,T/T,G/A,C/C,G/G,A/A,C/C,T/T,T/T,A/A,A/A,G/A,C/C,C/C,G/G,A/A,A/A,T/T,G/G,G/G,G/G,G/G,G/G,G/G,C/C,G/G,G/G,T/T,G/G,G/G,G/G,A/A,C/C,C/C,C/C,C/C,A/A
*19/*28,C/T,C/A,T/C,G/G,C/C,G/G,A/A,C/C,T/T,T/T,A/C,A/A,G/A,C/C,C/C,G/G,A/A,A/A,T/T,G/G,G/G,G/G,G/G,G/G,G/G,C/C,G/G,G/G,T/T,G/G,G/G,G/A,A/A,C/C,C/C,C/C,C/C,A/A
*19/*29,C/C,C/C,T/T,G/G,C/C,G/G,A/A,C/C,T/T,T/T,A/A,A/T,G/A,C/C,C/C,G/G,A/A,A/A,T/T,G/G,G/G,G/G,G/G,G/G,G/G,C/C,G/G,G/G,T/T,G/G,G/G,G/G,A/A,C/C,C/C,C/C,C/C,A/A
*19/*30,C/C,C/C,T/T,G/G,C/C,G/G,A/A,C/C,T/T,T/T,A/A,A/A,G/A,C/T,C/C,G/G,A/A,A/A,T/T,G/G,G/G,G/G,G/G,G/G,G/G,C/C,G/G,G/G,T/T,G/G,G/G,G/G,A/A,C/C,C/C,C/C,C/C,A/A
*19/*31,C/C,C/C,T/T,G/G,C/C,G/G,A/A,C/C,T/T,T/T,A/A,A/A,G/A,C/C,C/T,G/G,A/A,A/A,T/T,G/G,G/G,G/G,G/G,G/G,G/G,C/C,G/G,G/G,T/T,G/G,G/G,G/G,A/A,C/C,C/C,C/C,C/C,A/A
*19/*32,C/C,C/C,T/T,G/G,C/C,G/G,A/A,C/C,T/T,T/T,A/A,A/A,G/A,C/C,C/C,G/G,A/G,A/A,T/T,G/G,G/G,G/G,G/G,G/G,G/G,C/C,G/G,G/G,T/T,G/G,G/G,G/G,A/A,C/C,C/C,C/C,C/C,A/A
*19/*33,C/C,C/C,T/T,G/G,C/C,G/G,A/A,C/C,T/T,T/T,A/A,A/A,G/A,C/C,C/C,G/G,A/A,A/A,T/T,G/G,G/G,G/G,G/G,G/A,G/G,C/C,G/G,G/G,T/T,G/G,G/G,G/G,A/A,C/C,C/C,C/C,C/C,A/A
*19/*34,C/C,C/C,T/T,G/G,C/C,G/A,A/A,C/T,T/C,T/T,A/A,A/A,G/A,C/C,C/C,G/G,A/A,A/A,T/T,G/G,G/G,G/G,G/G,G/G,G/G,C/C,G/G,G/G,T/T,G/G,G/G,G/G,A/A,C/C,C/C,C/C,C/C,A/A
*19/*35,C/C,C/C,T/T,G/G,C/C,G/G,A/A,C/C,T/T,T/T,A/A,A/A,G/A,C/C,C/C,G/G,A/A,A/G,T/T,G/G,G/G,G/G,G/G,G/G,G/G,C/C,G/G,G/G,T/T,G/G,G/G,G/G,A/A,C/C,C/C,C/C,C/C,A/A
*22/*22,C/C,C/C,T/T,G/G,C/C,G/G,A/A,C/C,T/T,T/T,A/A,A/A,A/A,C/C,C/C,G/G,A/A,A/A,T/T,G/G,G/G,G/G,C/C,G/G,G/G,C/C,G/G,G/G,T/T,G/G,G/G,G/G,A/A,C/C,C/C,C/C,C/C,A/A
*22/*23,C/C,C/C,T/T,G/G,C/C,G/G,A/A,C/C,T/T,T/T,A/A,A/A,A/A,C/C,C/C,G/C,A/A,A/A,T/T,G/G,G/G,G/G,C/G,G/G,G/G,C/C,G/G,G/G,T/T,G/G,G/G,G/G,A/A,C/C,C/C,C/C,C/C,A/A
*22/*24,C/C,C/C,T/T,G/G,C/C,G/G,A/A,C/C,T/T,T/T,A/A,A/A,A/A,C/C,C/C,G/G,A/A,A/A,T/T,G/G,G/G,G/G,C/G,G/G,G/G,C/C,G/G,G/G,T/T,G/G,G/A,G/G,A/G,C/C,C/C,C/C,C/C,A/A
*22/*25,C/C,C/C,T/T,G/G,C/C,G/G,A/A,C/C,T/T,T/T,A/A,A/A,A/A,C/C,C/C,G/G,A/A,A/A,T/T,G/G,G/G,G/G,C/G,G/G,G/G,C/C,G/G,G/G,T/T,G/G,G/G,G/G,A/A,C/C,C/C,C/C,C/G,A/A
*22/*26,C/C,C/C,T/T,G/G,C/C,G/G,A/A,C/C,T/T,T/T,A/A,A/A,A/A,C/C,C/C,G/G,A/A,A/A,T/T,G/G,G/G,G/G,C/G,G/G,G/G,C/C,G/G,G/A,T/T,G/G,G/G,G/G,A/A,C/C,C/C,C/C,C/C,A/A
*22/*27,C/C,C/C,T/T,G/A,C/C,G/G,A/A,C/C,T/T,T/T,A/A,A/A,A/A,C/C,C/C,G/G,A/A,A/A,T/T,G/G,G/G,G/G,C/G,G/G,G/G,C/C,G/G,G/G,T/T,G/G,G/G,G/G,A/A,C/C,C/C,C/C,C/C,A/A
*22/*28,C/T,C/A,T/C,G/G,C/C,G/G,A/A,C/C,T/T,T/T,A/C,A/A,A/A,C/C,C/C,G/G,A/A,A/A,T/T,G/G,G/G,G/G,C/G,G/G,G/G,C/C,G/G,G/G,T/T,G/G,G/G,G/A,A/A,C/C,C/C,C/C,C/C,A/A
*22/*29,C/C,C/C,T/T,G/G,C/C,G/G,A/A,C/C,T/T,T/T,A/A,A/T,A/A,C/C,C/C,G/G,A/A,A/A,T/T,G/G,G/G,G/G,C/G,G/G,G/G,C/C,G/G,G/G,T/T,G/G,G/G,G/G,A/A,C/C,C/C,C/C,C/C,A/A
*22/*30,C/C,C/C,T/T,G/G,C/C,G/G,A/A,C/C,T/T,T/T,A/A,A/A,A/A,C/T,C/C,G/G,A/A,A/A,T/T,G/G,G/G,G/G,C/G,G/G,G/G,C/C,G/G,G/G,T/T,G/G,G/G,G/G,A/A,C/C,C/C,C/C,C/C,A/A
*22/*31,C/C,C/C,T/T,G/G,C/C,G/G,A/A,C/C,T/T,T/T,A/A,A/A,A/A,C/C,C/T,G/G,A/A,A/A,T/T,G/G,G/G,G/G,C/G,G/G,G/G,C/C,G/G,G/G,T/T,G/G,G/G,G/G,A/A,C/C,C/C,C/C,C/C,A/A
*22/*32,C/C,C/C,T/T,G/G,C/C,G/G,A/A,C/C,T/T,T/T,A/A,A/A,A/A,C/C,C/C,G/G,A/G,A/A,T/T,G/G,G/G,G/G,C/G,G/G,G/G,C/C,G/G,G/G,T/T,G/G,G/G,G/G,A/A,C/C,C/C,C/C,C/C,A/A
*22/*33,C/C,C/C,T/T,G/G,C/C,G/G,A/A,C/C,T/T,T/T,A/A,A/A,A/A,C/C,C/C,G/G,A/A,A/A,T/T,G/G,G/G,G/G,C/G,G/A,G/G,C/C,G/G,G/G,T/T,G/G,G/G,G/G,A/A,C/C,C/C,C/C,C/C,A/A
*22/*34,C/C,C/C,T/T,G/G,C/C,G/A,A/A,C/T,T/C,T/T,A/A,A/A,A/A,C/C,C/C,G/G,A/A,A/A,T/T,G/G,G/G,G/G,C/G,G/G,G/G,C/C,G/G,G/G,T/T,G/G,G/G,G/G,A/A,C/C,C/C,C/C,C/C,A/A
*22/*35,C/C,C/C,T/T,G/G,C/C,G/G,A/A,C/C,T/T,T/T,A/A,A/A,A/A,C/C,C/C,G/G,A/A,A/G,T/T,G/G,G/G,G/G,C/G,G/G,G/G,C/C,G/G,G/G,T/T,G/G,G/G,G/G,A/A,C/C,C/C,C/C,C/C,A/A
*23/*23,C/C,C/C,T/T,G/G,C/C,G/G,A/A,C/C,T/T,T/T,A/A,A/A,A/A,C/C,C/C,C/C,A/A,A/A,T/T,G/G,G/G,G/G,G/G,G/G,G/G,C/C,G/G,G/G,T/T,G/G,G/G,G/G,A/A,C/C,C/C,C/C,C/C,A/A
*23/*24,C/C,C/C,T/T,G/G,C/C,G/G,A/A,C/C,T/T,T/T,A/A,A/A,A/A,C/C,C/C,C/G,A/A,A/A,T/T,G/G,G/G,G/G,G/G,G/G,G/G,C/C,G/G,G/G,T/T,G/G,G/A,G/G,A/G,C/C,C/C,C/C,C/C,A/A
*23/*25,C/C,C/C,T/T,G/G,C/C,G/G,A/A,C/C,T/T,T/T,A/A,A/A,A/A,C/C,C/C,C/G,A/A,A/A,T/T,G/G,G/G,G/G,G/G,G/G,G/G,C/C,G/G,G/G,T/T,G/G,G/G,G/G,A/A,C/C,C/C,C/C,C/G,A/A
*23/*26,C/C,C/C,T/T,G/G,C/C,G/G,A/A,C/C,T/T,T/T,A/A,A/A,A/A,C/C,C/C,C/G,A/A,A/A,T/T,G/G,G/G,G/G,G/G,G/G,G/G,C/C,G/G,G/A,T/T,G/G,G/G,G/G,A/A,C/C,C/C,C/C,C/C,A/A
*23/*27,C/C,C/C,T/T,G/A,C/C,G/G,A/A,C/C,T/T,T/T,A/A,A/A,A/A,C/C,C/C,C/G,A/A,A/A,T/T,G/G,G/G,G/G,G/G,G/G,G/G,C/C,G/G,G/G,T/T,G/G,G/G,G/G,A/A,C/C,C/C,C/C,C/C,A/A
*23/*28,C/T,C/A,T/C,G/G,C/C,G/G,A/A,C/C,T/T,T/T,A/C,A/A,A/A,C/C,C/C,C/G,A/A,A/A,T/T,G/G,G/G,G/G,G/G,G/G,G/G,C/C,G/G,G/G,T/T,G/G,G/G,G/A,A/A,C/C,C/C,C/C,C/C,A/A
*23/*29,C/C,C/C,T/T,G/G,C/C,G/G,A/A,C/C,T/T,T/T,A/A,A/T,A/A,C/C,C/C,C/G,A/A,A/A,T/T,G/G,G/G,G/G,G/G,G/G,G/G,C/C,G/G,G/G,T/T,G/G,G/G,G/G,A/A,C/C,C/C,C/C,C/C,A/A
*23/*30,C/C,C/C,T/T,G/G,C/C,G/G,A/A,C/C,T/T,T/T,A/A,A/A,A/A,C/T,C/C,C/G,A/A,A/A,T/T,G/G,G/G,G/G,G/G,G/G,G/G,C/C,G/G,G/G,T/T,G/G,G/G,G/G,A/A,C/C,C/C,C/C,C/C,A/A
*23/*31,C/C,C/C,T/T,G/G,C/C,G/G,A/A,C/C,T/T,T/T,A/A,A/A,A/A,C/C,C/T,C/G,A/A,A/A,T/T,G/G,G/G,G/G,G/G,G/G,G/G,C/C,G/G,G/G,T/T,G/G,G/G,G/G,A/A,C/C,C/C,C/C,C/C,A/A
*23/*32,C/C,C/C,T/T,G/G,C/C,G/G,A/A,C/C,T/T,T/T,A/A,A/A,A/A,C/C,C/C,C/G,A/G,A/A,T/T,G/G,G/G,G/G,G/G,G/G,G/G,C/C,G/G,G/G,T/T,G/G,G/G,G/G,A/A,C/C,C/C,C/C,C/C,A/A
*23/*33,C/C,C/C,T/T,G/G,C/C,G/G,A/A,C/C,T/T,T/T,A/A,A/A,A/A,C/C,C/C,C/G,A/A,A/A,T/T,G/G,G/G,G/G,G/G,G/A,G/G,C/C,G/G,G/G,T/T,G/G,G/G,G/G,A/A,C/C,C/C,C/C,C/C,A/A
*23/*34,C/C,C/C,T/T,G/G,C/C,G/A,A/A,C/T,T/C,T/T,A/A,A/A,A/A,C/C,C/C,C/G,A/A,A/A,T/T,G/G,G/G,G/G,G/G,G/G,G/G,C/C,G/G,G/G,T/T,G/G,G/G,G/G,A/A,C/C,C/C,C/C,C/C,A/A
*23/*35,C/C,C/C,T/T,G/G,C/C,G/G,A/A,C/C,T/T,T/T,A/A,A/A,A/A,C/C,C/C,C/G,A/A,A/G,T/T,G/G,G/G,G/G,G/G,G/G,G/G,C/C,G/G,G/G,T/T,G/G,G/G,G/G,A/A,C/C,C/C,C/C,C/C,A/A
*24/*24,C/C,C/C,T/T,G/G,C/C,G/G,A/A,C/C,T/T,T/T,A/A,A/A,A/A,C/C,C/C,G/G,A/A,A/A,T/T,G/G,G/G,G/G,G/G,G/G,G/G,C/C,G/G,G/G,T/T,G/G,A/A,G/G,G/G,C/C,C/C,C/C,C/C,A/A
*24/*25,C/C,C/C,T/T,G/G,C/C,G/G,A/A,C/C,T/T,T/T,A/A,A/A,A/A,C/C,C/C,G/G,A/A,A/A,T/T,G/G,G/G,G/G,G/G,G/G,G/G,C/C,G/G,G/G,T/T,G/G,A/G,G/G,G/A,C/C,C/C,C/C,C/G,A/A
*24/*26,C/C,C/C,T/T,G/G,C/C,G/G,A/A,C/C,T/T,T/T,A/A,A/A,A/A,C/C,C/C,G/G,A/A,A/A,T/T,G/G,G/G,G/G,G/G,G/G,G/G,C/C,G/G,G/A,T/T,G/G,A/G,G/G,G/A,C/C,C/C,C/C,C/C,A/A
*24/*27,C/C,C/C,T/T,G/A,C/C,G/G,A/A,C/C,T/T,T/T,A/A,A/A,A/A,C/C,C/C,G/G,A/A,A/A,T/T,G/G,G/G,G/G,G/G,G/G,G/G,C/C,G/G,G/G,T/T,G/G,A/G,G/G,G/A,C/C,C/C,C/C,C/C,A/A
*24/*28,C/T,C/A,T/C,G/G,C/C,G/G,A/A,C/C,T/T,T/T,A/C,A/A,A/A,C/C,C/C,G/G,A/A,A/A,T/T,G/G,G/G,G/G,G/G,G/G,G/G,C/C,G/G,G/G,T/T,G/G,A/G,G/A,G/A,C/C,C/C,C/C,C/C,A/A
*24/*29,C/C,C/C,T/T,G/G,C/C,G/G,A/A,C/C,T/T,T/T,A/A,A/T,A/A,C/C,C/C,G/G,A/A,A/A,T/T,G/G,G/G,G/G,G/G,G/G,G/G,C/C,G/G,G/G,T/T,G/G,A/G,G/G,G/A,C/C,C/C,C/C,C/C,A/A
*24/*30,C/C,C/C,T/T,G/G,C/C,G/G,A/A,C/C,T/T,T/T,A/A,A/A,A/A,C/T,C/C,G/G,A/A,A/A,T/T,G/G,G/G,G/G,G/G,G/G,G/G,C/C,G/G,G/G,T/T,G/G,A/G,G/G,G/A,C/C,C/C,C/C,C/C,A/A
*24/*31,C/C,C/C,T/T,G/G,C/C,G/G,A/A,C/C,T/T,T/T,A/A,A/A,A/A,C/C,C/T,G/G,A/A,A/A,T/T,G/G,G/G,G/G,G/G,G/G,G/G,C/C,G/G,G/G,T/T,G/G,A/G,G/G,G/A,C/C,C/C,C/C,C/C,A/A
*24/*32,C/C,C/C,T/T,G/G,C/C,G/G,A/A,C/C,T/T,T/T,A/A,A/A,A/A,C/C,C/C,G/G,A/G,A/A,T/T,G/G,G/G,G/G,G/G,G/G,G/G,C/C,G/G,G/G,T/T,G/G,A/G,G/G,G/A,C/C,C/C,C/C,C/C,A/A
*24/*33,C/C,C/C,T/T,G/G,C/C,G/G,A/A,C/C,T/T,T/T,A/A,A/A,A/A,C/C,C/C,G/G,A/A,A/A,T/T,G/G,G/G,G/G,G/G,G/A,G/G,C/C,G/G,G/G,T/T,G/G,A/G,G/G,G/A,C/C,C/C,C/C,C/C,A/A
*24/*34,C/C,C/C,T/T,G/G,C/C,G/A,A/A,C/T,T/C,T/T,A/A,A/A,A/A,C/C,C/C,G/G,A/A,A/A,T/T,G/G,G/G,G/G,G/G,G/G,G/G,C/C,G/G,G/G,T/T,G/G,A/G,G/G,G/A,C/C,C/C,C/C,C/C,A/A
*24/*35,C/C,C/C,T/T,G/G,C/C,G/G,A/A,C/C,T/T,T/T,A/A,A/A,A/A,C/C,C/C,G/G,A/A,A/G,T/T,G/G,G/G,G/G,G/G,G/G,G/G,C/C,G/G,G/G,T/T,G/G,A/G,G/G,G/A,C/C,C/C,C/C,C/C,A/A
*25/*25,C/C,C/C,T/T,G/G,C/C,G/G,A/A,C/C,T/T,T/T,A/A,A/A,A/A,C/C,C/C,G/G,A/A,A/A,T/T,G/G,G/G,G/G,G/G,G/G,G/G,C/C,G/G,G/G,T/T,G/G,G/G,G/G,A/A,C/C,C/C,C/C,G/G,A/A
*25/*26,C/C,C/C,T/T,G/G,C/C,G/G,A/A,C/C,T/T,T/T,A/A,A/A,A/A,C/C,C/C,G/G,A/A,A/A,T/T,G/G,G/G,G/G,G/G,G/G,G/G,C/C,G/G,G/A,T/T,G/G,G/G,G/G,A/A,C/C,C/C,C/C,G/C,A/A
*25/*27,C/C,C/C,T/T,G/A,C/C,G/G,A/A,C/C,T/T,T/T,A/A,A/A,A/A,C/C,C/C,G/G,A/A,A/A,T/T,G/G,G/G,G/G,G/G,G/G,G/G,C/C,G/G,G/G,T/T,G/G,G/G,G/G,A/A,C/C,C/C,C/C,G/C,A/A
*25/*28,C/T,C/A,T/C,G/G,C/C,G/G,A/A,C/C,T/T,T/T,A/C,A/A,A/A,C/C,C/C,G/G,A/A,A/A,T/T,G/G,G/G,G/G,G/G,G/G,G/G,C/C,G/G,G/G,T/T,G/G,G/G,G/A,A/A,C/C,C/C,C/C,G/C,A/A
*25/*29,C/C,C/C,T/T,G/G,C/C,G/G,A/A,C/C,T/T,T/T,A/A,A/T,A/A,C/C,C/C,G/G,A/A,A/A,T/T,G/G,G/G,G/G,G/G,G/G,G/G,C/C,G/G,G/G,T/T,G/G,G/G,G/G,A/A,C/C,C/C,C/C,G/C,A/A
*25/*30,C/C,C/C,T/T,G/G,C/C,G/G,A/A,C/C,T/T,T/T,A/A,A/A,A/A,C/T,C/C,G/G,A/A,A/A,T/T,G/G,G/G,G/G,G/G,G/G,G/G,C/C,G/G,G/G,T/T,G/G,G/G,G/G,A/A,C/C,C/C,C/C,G/C,A/A
*25/*31,C/C,C/C,T/T,G/G,C/C,G/G,A/A,C/C,T/T,T/T,A/A,A/A,A/A,C/C,C/T,G/G,A/A,A/A,T/T,G/G,G/G,G/G,G/G,G/G,G/G,C/C,G/G,G/G,T/T,G/G,G/G,G/G,A/A,C/C,C/C,C/C,G/C,A/A
*25/*32,C/C,C/C,T/T,G/G,C/C,G/G,A/A,C/C,T/T,T/T,A/A,A/A,A/A,C/C,C/C,G/G,A/G,A/A,T/T,G/G,G/G,G/G,G/G,G/G,G/G,C/C,G/G,G/G,T/T,G/G,G/G,G/G,A/A,C/C,C/C,C/C,G/C,A/A
*25/*33,C/C,C/C,T/T,G/G,C/C,G/G,A/A,C/C,T/T,T/T,A/A,A/A,A/A,C/C,C/C,G/G,A/A,A/A,T/T,G/G,G/G,G/G,G/G,G/A,G/G,C/C,G/G,G/G,T/T,G/G,G/G,G/G,A/A,C/C,C/C,C/C,G/C,A/A
*25/*34,C/C,C/C,T/T,G/G,C/C,G/A,A/A,C/T,T/C,T/T,A/A,A/A,A/A,C/C,C/C,G/G,A/A,A/A,T/T,G/G,G/G,G/G,G/G,G/G,G/G,C/C,G/G,G/G,T/T,G/G,G/G,G/G,A/A,C/C,C/C,C/C,G/C,A/A
*25/*35,C/C,C/C,T/T,G/G,C/C,G/G,A/A,C/C,T/T,T/T,A/A,A/A,A/A,C/C,C/C,G/G,A/A,A/G,T/T,G/G,G/G,G/G,G/G,G/G,G/G,C/C,G/G,G/G,T/T,G/G,G/G,G/G,A/A,C/C,C/C,C/C,G/C,A/A
*26/*26,C/C,C/C,T/T,G/G,C/C,G/G,A/A,C/C,T/T,T/T,A/A,A/A,A/A,C/C,C/C,G/G,A/A,A/A,T/T,G/G,G/G,G/G,G/G,G/G,G/G,C/C,G/G,A/A,T/T,G/G,G/G,G/G,A/A,C/C,C/C,C/C,C/C,A/A
*26/*27,C/C,C/C,T/T,G/A,C/C,G/G,A/A,C/C,T/T,T/T,A/A,A/A,A/A,C/C,C/C,G/G,A/A,A/A,T/T,G/G,G/G,G/G,G/G,G/G,G/G,C/C,G/G,A/G,T/T,G/G,G/G,G/G,A/A,C/C,C/C,C/C,C/C,A/A
*26/*28,C/T,C/A,T/C,G/G,C/C,G/G,A/A,C/C,T/T,T/T,A/C,A/A,A/A,C/C,C/C,G/G,A/A,A/A,T/T,G/G,G/G,G/G,G/G,G/G,G/G,C/C,G/G,A/G,T/T,G/G,G/G,G/A,A/A,C/C,C/C,C/C,C/C,A/A
*26/*29,C/C,C/C,T/T,G/G,C/C,G/G,A/A,C/C,T/T,T/T,A/A,A/T,A/A,C/C,C/C,G/G,A/A,A/A,T/T,G/G,G/G,G/G,G/G,G/G,G/G,C/C,G/G,A/G,T/T,G/G,G/G,G/G,A/A,C/C,C/C,C/C,C/C,A/A
*26/*30,C/C,C/C,T/T,G/G,C/C,G/G,A/A,C/C,T/T,T/T,A/A,A/A,A/A,C/T,C/C,G/G,A/A,A/A,T/T,G/G,G/G,G/G,G/G,G/G,G/G,C/C,G/G,A/G,T/T,G/G,G/G,G/G,A/A,C/C,C/C,C/C,C/C,A/A
*26/*31,C/C,C/C,T/T,G/G,C/C,G/G,A/A,C/C,T/T,T/T,A/A,A/A,A/A,C/C,C/T,G/G,A/A,A/A,T/T,G/G,G/G,G/G,G/G,G/G,G/G,C/C,G/G,A/G,T/T,G/G,G/G,G/G,A/A,C/C,C/C,C/C,C/C,A/A
*26/*32,C/C,C/C,T/T,G/G,C/C,G/G,A/A,C/C,T/T,T/T,A/A,A/A,A/A,C/C,C/C,G/G,A/G,A/A,T/T,G/G,G/G,G/G,G/G,G/G,G/G,C/C,G/G,A/G,T/T,G/G,G/G,G/G,A/A,C/C,C/C,C/C,C/C,A/A
*26/*33,C/C,C/C,T/T,G/G,C/C,G/G,A/A,C/C,T/T,T/T,A/A,A/A,A/A,C/C,C/C,G/G,A/A,A/A,T/T,G/G,G/G,G/G,G/G,G/A,G/G,C/C,G/G,A/G,T/T,G/G,G/G,G/G,A/A,C/C,C/C,C/C,C/C,A/A
*26/*34,C/C,C/C,T/T,G/G,C/C,G/A,A/A,C/T,T/C,T/T,A/A,A/A,A/A,C/C,C/C,G/G,A/A,A/A,T/T,G/G,G/G,G/G,G/G,G/G,G/G,C/C,G/G,A/G,T/T,G/G,G/G,G/G,A/A,C/C,C/C,C/C,C/C,A/A
*26/*35,C/C,C/C,T/T,G/G,C/C,G/G,A/A,C/C,T/T,T/T,A/A,A/A,A/A,C/C,C/C,G/G,A/A,A/G,T/T,G/G,G/G,G/G,G/G,G/G,G/G,C/C,G/G,A/G,T/T,G/G,G/G,G/G,A/A,C/C,C/C,C/C,C/C,A/A
*27/*27,C/C,C/C,T/T,A/A,C/C,G/G,A/A,C/C,T/T,T/T,A/A,A/A,A/A,C/C,C/C,G/G,A/A,A/A,T/T,G/G,G/G,G/G,G/G,G/G,G/G,C/C,G/G,G/G,T/T,G/G,G/G,G/G,A/A,C/C,C/C,C/C,C/C,A/A
*27/*28,C/T,C/A,T/C,A/G,C/C,G/G,A/A,C/C,T/T,T/T,A/C,A/A,A/A,C/C,C/C,G/G,A/A,A/A,T/T,G/G,G/G,G/G,G/G,G/G,G/G,C/C,G/G,G/G,T/T,G/G,G/G,G/A,A/A,C/C,C/C,C/C,C/C,A/A
*27/*29,C/C,C/C,T/T,A/G,C/C,G/G,A/A,C/C,T/T,T/T,A/A,A/T,A/A,C/C,C/C,G/G,A/A,A/A,T/T,G/G,G/G,G/G,G/G,G/G,G/G,C/C,G/G,G/G,T/T,G/G,G/G,G/G,A/A,C/C,C/C,C/C,C/C,A/A
*27/*30,C/C,C/C,T/T,A/G,C/C,G/G,A/A,C/C,T/T,T/T,A/A,A/A,A/A,C/T,C/C,G/G,A/A,A/A,T/T,G/G,G/G,G/G,G/G,G/G,G/G,C/C,G/G,G/G,T/T,G/G,G/G,G/G,A/A,C/C,C/C,C/C,C/C,A/A
*27/*31,C/C,C/C,T/T,A/G,C/C,G/G,A/A,C/C,T/T,T/T,A/A,A/A,A/A,C/C,C/T,G/G,A/A,A/A,T/T,G/G,G/G,G/G,G/G,G/G,G/G,C/C,G/G,G/G,T/T,G/G,G/G,G/G,A/A,C/C,C/C,C/C,C/C,A/A
*27/*32,C/C,C/C,T/T,A/G,C/C,G/G,A/A,C/C,T/T,T/T,A/A,A/A,A/A,C/C,C/C,G/G,A/G,A/A,T/T,G/G,G/G,G/G,G/G,G/G,G/G,C/C,G/G,G/G,T/T,G/G,G/G,G/G,A/A,C/C,C/C,C/C,C/C,A/A
*27/*33,C/C,C/C,T/T,A/G,C/C,G/G,A/A,C/C,T/T,T/T,A/A,A/A,A/A,C/C,C/C,G/G,A/A,A/A,T/T,G/G,G/G,G/G,G/G,G/A,G/G,C/C,G/G,G/G,T/T,G/G,G/G,G/G,A/A,C/C,C/C,C/C,C/C,A/A
*27/*34,C/C,C/C,T/T,A/G,C/C,G/A,A/A,C/T,T/C,T/T,A/A,A/A,A/A,C/C,C/C,G/G,A/A,A/A,T/T,G/G,G/G,G/G,G/G,G/G,G/G,C/C,G/G,G/G,T/T,G/G,G/G,G/G,A/A,C/C,C/C,C/C,C/C,A/A
*27/*35,C/C,C/C,T/T,A/G,C/C,G/G,A/A,C/C,T/T,T/T,A/A,A/A,A/A,C/C,C/C,G/G,A/A,A/G,T/T,G/G,G/G,G/G,G/G,G/G,G/G,C/C,G/G,G/G,T/T,G/G,G/G,G/G,A/A,C/C,C/C,C/C,C/C,A/A
*28/*28,T/T,A/A,C/C,G/G,C/C,G/G,A/A,C/C,T/T,T/T,C/C,A/A,A/A,C/C,C/C,G/G,A/A,A/A,T/T,G/G,G/G,G/G,G/G,G/G,G/G,C/C,G/G,G/G,T/T,G/G,G/G,A/A,A/A,C/C,C/C,C/C,C/C,A/A
*28/*29,T/C,A/C,C/T,G/G,C/C,G/G,A/A,C/C,T/T,T/T,C/A,A/T,A/A,C/C,C/C,G/G,A/A,A/A,T/T,G/G,G/G,G/G,G/G,G/G,G/G,C/C,G/G,G/G,T/T,G/G,G/G,A/G,A/A,C/C,C/C,C/C,C/C,A/A
*28/*30,T/C,A/C,C/T,G/G,C/C,G/G,A/A,C/C,T/T,T/T,C/A,A/A,A/A,C/T,C/C,G/G,A/A,A/A,T/T,G/G,G/G,G/G,G/G,G/G,G/G,C/C,G/G,G/G,T/T,G/G,G/G,A/G,A/A,C/C,C/C,C/C,C/C,A/A
*28/*31,T/C,A/C,C/T,G/G,C/C,G/G,A/A,C/C,T/T,T/T,C/A,A/A,A/A,C/C,C/T,G/G,A/A,A/A,T/T,G/G,G/G,G/G,G/G,G/G,G/G,C/C,G/G,G/G,T/T,G/G,G/G,A/G,A/A,C/C,C/C,C/C,C/C,A/A
*28/*32,T/C,A/C,C/T,G/G,C/C,G/G,A/A,C/C,T/T,T/T,C/A,A/A,A/A,C/C,C/C,G/G,A/G,A/A,T/T,G/G,G/G,G/G,G/G,G/G,G/G,C/C,G/G,G/G,T/T,G/G,G/G,A/G,A/A,C/C,C/C,C/C,C/C,A/A
*28/*33,T/C,A/C,C/T,G/G,C/C,G/G,A/A,C/C,T/T,T/T,C/A,A/A,A/A,C/C,C/C,G/G,A/A,A/A,T/T,G/G,G/G,G/G,G/G,G/A,G/G,C/C,G/G,G/G,T/T,G/G,G/G,A/G,A/A,C/C,C/C,C/C,C/C,A/A
*28/*34,T/C,A/C,C/T,G/G,C/C,G/A,A/A,C/T,T/C,T/T,C/A,A/A,A/A,C/C,C/C,G/G,A/A,A/A,T/T,G/G,G/G,G/G,G/G,G/G,G/G,C/C,G/G,G/G,T/T,G/G,G/G,A/G,A/A,C/C,C/C,C/C,C/C,A/A
*28/*35,T/C,A/C,C/T,G/G,C/C,G/G,A/A,C/C,T/T,T/T,C/A,A/A,A/A,C/C,C/C,G/G,A/A,A/G,T/T,G/G,G/G,G/G,G/G,G/G,G/G,C/C,G/G,G/G,T/T,G/G,G/G,A/G,A/A,C/C,C/C,C/C,C/C,A/A
*29/*29,C/C,C/C,T/T,G/G,C/C,G/G,A/A,C/C,T/T,T/T,A/A,T/T,A/A,C/C,C/C,G/G,A/A,A/A,T/T,G/G,G/G,G/G,G/G,G/G,G/G,C/C,G/G,G/G,T/T,G/G,G/G,G/G,A/A,C/C,C/C,C/C,C/C,A/A
*29/*30,C/C,C/C,T/T,G/G,C/C,G/G,A/A,C/C,T/T,T/T,A/A,T/A,A/A,C/T,C/C,G/G,A/A,A/A,T/T,G/G,G/G,G/G,G/G,G/G,G/G,C/C,G/G,G/G,T/T,G/G,G/G,G/G,A/A,C/C,C/C,C/C,C/C,A/A
*29/*31,C/C,C/C,T/T,G/G,C/C,G/G,A/A,C/C,T/T,T/T,A/A,T/A,A/A,C/C,C/T,G/G,A/A,A/A,T/T,G/G,G/G,G/G,G/G,G/G,G/G,C/C,G/G,G/G,T/T,G/G,G/G,G/G,A/A,C/C,C/C,C/C,C/C,A/A
*29/*32,C/C,C/C,T/T,G/G,C/C,G/G,A/A,C/C,T/T,T/T,A/A,T/A,A/A,C/C,C/C,G/G,A/G,A/A,T/T,G/G,G/G,G/G,G/G,G/G,G/G,C/C,G/G,G/G,T/T,G/G,G/G,G/G,A/A,C/C,C/C,C/C,C/C,A/A
*29/*33,C/C,C/C,T/T,G/G,C/C,G/G,A/A,C/C,T/T,T/T,A/A,T/A,A/A,C/C,C/C,G/G,A/A,A/A,T/T,G/G,G/G,G/G,G/G,G/A,G/G,C/C,G/G,G/G,T/T,G/G,G/G,G/G,A/A,C/C,C/C,C/C,C/C,A/A
*29/*34,C/C,C/C,T/T,G/G,C/C,G/A,A/A,C/T,T/C,T/T,A/A,T/A,A/A,C/C,C/C,G/G,A/A,A/A,T/T,G/G,G/G,G/G,G/G,G/G,G/G,C/C,G/G,G/G,T/T,G/G,G/G,G/G,A/A,C/C,C/C,C/C,C/C,A/A
*29/*35,C/C,C/C,T/T,G/G,C/C,G/G,A/A,C/C,T/T,T/T,A/A,T/A,A/A,C/C,C/C,G/G,A/A,A/G,T/T,G/G,G/G,G/G,G/G,G/G,G/G,C/C,G/G,G/G,T/T,G/G,G/G,G/G,A/A,C/C,C/C,C/C,C/C,A/A
*30/*30,C/C,C/C,T/T,G/G,C/C,G/G,A/A,C/C,T/T,T/T,A/A,A/A,A/A,T/T,C/C,G/G,A/A,A/A,T/T,G/G,G/G,G/G,G/G,G/G,G/G,C/C,G/G,G/G,T/T,G/G,G/G,G/G,A/A,C/C,C/C,C/C,C/C,A/A
*30/*31,C/C,C/C,T/T,G/G,C/C,G/G,A/A,C/C,T/T,T/T,A/A,A/A,A/A,T/C,C/T,G/G,A/A,A/A,T/T,G/G,G/G,G/G,G/G,G/G,G/G,C/C,G/G,G/G,T/T,G/G,G/G,G/G,A/A,C/C,C/C,C/C,C/C,A/A
*30/*32,C/C,C/C,T/T,G/G,C/C,G/G,A/A,C/C,T/T,T/T,A/A,A/A,A/A,T/C,C/C,G/G,A/G,A/A,T/T,G/G,G/G,G/G,G/G,G/G,G/G,C/C,G/G,G/G,T/T,G/G,G/G,G/G,A/A,C/C,C/C,C/C,C/C,A/A
*30/*33,C/C,C/C,T/T,G/G,C/C,G/G,A/A,C/C,T/T,T/T,A/A,A/A,A/A,T/C,C/C,G/G,A/A,A/A,T/T,G/G,G/G,G/G,G/G,G/A,G/G,C/C,G/G,G/G,T/T,G/G,G/G,G/G,A/A,C/C,C/C,C/C,C/C,A/A
*30/*34,C/C,C/C,T/T,G/G,C/C,G/A,A/A,C/T,T/C,T/T,A/A,A/A,A/A,T/C,C/C,G/G,A/A,A/A,T/T,G/G,G/G,G/G,G/G,G/G,G/G,C/C,G/G,G/G,T/T,G/G,G/G,G/G,A/A,C/C,C/C,C/C,C/C,A/A
*30/*35,C/C,C/C,T/T,G/G,C/C,G/G,A/A,C/C,T/T,T/T,A/A,A/A,A/A,T/C,C/C,G/G,A/A,A/G,T/T,G/G,G/G,G/G,G/G,G/G,G/G,C/C,G/G,G/G,T/T,G/G,G/G,G/G,A/A,C/C,C/C,C/C,C/C,A/A
*31/*31,C/C,C/C,T/T,G/G,C/C,G/G,A/A,C/C,T/T,T/T,A/A,A/A,A/A,C/C,T/T,G/G,A/A,A/A,T/T,G/G,G/G,G/G,G/G,G/G,G/G,C/C,G/G,G/G,T/T,G/G,G/G,G/G,A/A,C/C,C/C,C/C,C/C,A/A
*31/*32,C/C,C/C,T/T,G/G,C/C,G/G,A/A,C/C,T/T,T/T,A/A,A/A,A/A,C/C,T/C,G/G,A/G,A/A,T/T,G/G,G/G,G/G,G/G,G/G,G/G,C/C,G/G,G/G,T/T,G/G,G/G,G/G,A/A,C/C,C/C,C/C,C/C,A/A
*31/*33,C/C,C/C,T/T,G/G,C/C,G/G,A/A,C/C,T/T,T/T,A/A,A/A,A/A,C/C,T/C,G/G,A/A,A/A,T/T,G/G,G/G,G/G,G/G,G/A,G/G,C/C,G/G,G/G,T/T,G/G,G/G,G/G,A/A,C/C,C/C,C/C,C/C,A/A
*31/*34,C/C,C/C,T/T,G/G,C/C,G/A,A/A,C/T,T/C,T/T,A/A,A/A,A/A,C/C,T/C,G/G,A/A,A/A,T/T,G/G,G/G,G/G,G/G,G/G,G/G,C/C,G/G,G/G,T/T,G/G,G/G,G/G,A/A,C/C,C/C,C/C,C/C,A/A
*31/*35,C/C,C/C,T/T,G/G,C/C,G/G,A/A,C/C,T/T,T/T,A/A,A/A,A/A,C/C,T/C,G/G,A/A,A/G,T/T,G/G,G/G,G/G,G/G,G/G,G/G,C/C,G/G,G/G,T/T,G/G,G/G,G/G,A/A,C/C,C/C,C/C,C/C,A/A
*32/*32,C/C,C/C,T/T,G/G,C/C,G/G,A/A,C/C,T/T,T/T,A/A,A/A,A/A,C/C,C/C,G/G,G/G,A/A,T/T,G/G,G/G,G/G,G/G,G/G,G/G,C/C,G/G,G/G,T/T,G/G,G/G,G/G,A/A,C/C,C/C,C/C,C/C,A/A
*32/*33,C/C,C/C,T/T,G/G,C/C,G/G,A/A,C/C,T/T,T/T,A/A,A/A,A/A,C/C,C/C,G/G,G/A,A/A,T/T,G/G,G/G,G/G,G/G,G/A,G/G,C/C,G/G,G/G,T/T,G/G,G/G,G/G,A/A,C/C,C/C,C/C,C/C,A/A
*32/*34,C/C,C/C,T/T,G/G,C/C,G/A,A/A,C/T,T/C,T/T,A/A,A/A,A/A,C/C,C/C,G/G,G/A,A/A,T/T,G/G,G/G,G/G,G/G,G/G,G/G,C/C,G/G,G/G,T/T,G/G,G/G,G/G,A/A,C/C,C/C,C/C,C/C,A/A
*32/*35,C/C,C/C,T/T,G/G,C/C,G/G,A/A,C/C,T/T,T/T,A/A,A/A,A/A,C/C,C/C,G/G,G/A,A/G,T/T,G/G,G/G,G/G,G/G,G/G,G/G,C/C,G/G,G/G,T/T,G/G,G/G,G/G,A/A,C/C,C/C,C/C,C/C,A/A
*33/*33,C/C,C/C,T/T,G/G,C/C,G/G,A/A,C/C,T/T,T/T,A/A,A/A,A/A,C/C,C/C,G/G,A/A,A/A,T/T,G/G,G/G,G/G,G/G,A/A,G/G,C/C,G/G,G/G,T/T,G/G,G/G,G/G,A/A,C/C,C/C,C/C,C/C,A/A
*33/*34,C/C,C/C,T/T,G/G,C/C,G/A,A/A,C/T,T/C,T/T,A/A,A/A,A/A,C/C,C/C,G/G,A/A,A/A,T/T,G/G,G/G,G/G,G/G,A/G,G/G,C/C,G/G,G/G,T/T,G/G,G/G,G/G,A/A,C/C,C/C,C/C,C/C,A/A
*33/*35,C/C,C/C,T/T,G/G,C/C,G/G,A/A,C/C,T/T,T/T,A/A,A/A,A/A,C/C,C/C,G/G,A/A,A/G,T/T,G/G,G/G,G/G,G/G,A/G,G/G,C/C,G/G,G/G,T/T,G/G,G/G,G/G,A/A,C/C,C/C,C/C,C/C,A/A
*34/*34,C/C,C/C,T/T,G/G,C/C,A/A,A/A,T/T,C/C,T/T,A/A,A/A,A/A,C/C,C/C,G/G,A/A,A/A,T/T,G/G,G/G,G/G,G/G,G/G,G/G,C/C,G/G,G/G,T/T,G/G,G/G,G/G,A/A,C/C,C/C,C/C,C/C,A/A
*34/*35,C/C,C/C,T/T,G/G,C/C,A/G,A/A,T/C,C/T,T/T,A/A,A/A,A/A,C/C,C/C,G/G,A/A,A/G,T/T,G/G,G/G,G/G,G/G,G/G,G/G,C/C,G/G,G/G,T/T,G/G,G/G,G/G,A/A,C/C,C/C,C/C,C/C,A/A
*35/*35,C/C,C/C,T/T,G/G,C/C,G/G,A/A,C/C,T/T,T/T,A/A,A/A,A/A,C/C,C/C,G/G,A/A,G/G,T/T,G/G,G/G,G/G,G/G,G/G,G/G,C/C,G/G,G/G,T/T,G/G,G/G,G/G,A/A,C/C,C/C,C/C,C/C,A/A
