,96520433,96520443,96521024,96521422,96521657,96522450,96522463,96522469,96522472,96522512,96522517,96522545,96522613,96534863,96534878,96534917,96534942,96535124,96535173,96535210,96535246,96535264,96540331,96540336,96540410,96541615,96541616,96541701,96541756,96602618,96602636,96602752,96609721,96609752,96612495,96612522,96612542,96612671
,rs113164681,rs111490789,rs17878739,rs7902257,rs12248560,rs367543001,rs28399504,rs367543002,rs367543003,rs55752064,rs17882687,,,rs145328984,,rs118203756,,rs12769205,rs41291556,rs72552267,rs17884712,rs58973490,rs140278421,rs370803989,rs4986893,rs6413438,rs4244285,,rs72558186,rs138142612,rs118203757,rs113934938,rs377184510,rs17879685,rs56337013,rs192154563,rs118203759,rs55640102
*1,C,C,T,G,C,G,A,C,T,T,A,A,A,C,C,G,A,A,T,G,G,G,G,G,G,C,G,G,T,G,G,G,A,C,C,C,C,A
*2,,,,,,,,,,,,,,,,,,G,,,,,,,,,A,,,,,,,,,,,
*3,,,,,,,,,,,,,,,,,,,,,,,,,A,,,,,,,,,,,,,
*4A,,,,,,,G,,,,,,,,,,,,,,,,,,,,,,,,,,,,,,,
*4B,,,,,T,,G,,,,,,,,,,,,,,,,,,,,,,,,,,,,,,,
*5,,,,,,,,,,,,,,,,,,,,,,,,,,,,,,,,,,,T,,,
*6,,,,,,,,,,,,,,,,,,,,A,,,,,,,,,,,,,,,,,,
*7,,,,,,,,,,,,,,,,,,,,,,,,,,,,,A,,,,,,,,,
*8,,,,,,,,,,,,,,,,,,,C,,,,,,,,,,,,,,,,,,,
*9,,,,,,,,,,,,,,,,,,,,,A,,,,,,,,,,,,,,,,,
*10,,,,,,,,,,,,,,,,,,,,,,,,,,T,,,,,,,,,,,,
*11,,q,,,,,,,,,,,,,,,,,,,,A,,,,,,,,,,,,,,,,
*12,,,,,,,,,,,,,,,,,,,,,,,,,,,,,,,,,,,,,,C
*13,,,,,,,,,,,,,,,,,,,,,,,,,,,,,,,,,,T,,,,
*14,,,,,,,,,,C,,,,,,,,,,,,,,,,,,,,,,,,,,,,
*15,,,,,,,,,,,C,,,,,,,,,,,,,,,,,,,,,,,,,,,
*16,,,,,,,,,,,,,,,,,,,,,,,,,,,,,,,,,,,,T,,
*17,,,,,T,,,,,,,,,,,,,,,,,,,,,,,,,,,,,,,,,
*18,,,,,,,,,,,,,,,,,,,,,,,,,,,,,,A,,,,,,,,
*19,,,,,,,,,,,,,G,,,,,,,,,,,,,,,,,,,,,,,,,
*22,,,,,,,,,,,,,,,,,,,,,,,C,,,,,,,,,,,,,,,
*23,,,,,,,,,,,,,,,,C,,,,,,,,,,,,,,,,,,,,,,
*24,,,,,,,,,,,,,,,,,,,,,,,,,,,,,,,A,,G,,,,,
*25,,,,,,,,,,,,,,,,,,,,,,,,,,,,,,,,,,,,,G,
*26,,,,,,,,,,,,,,,,,,,,,,,,,,,,A,,,,,,,,,,
*27,,,,A,,,,,,,,,,,,,,,,,,,,,,,,,,,,,,,,,,
*28,T,A,C,,,,,,,,C,,,,,,,,,,,,,,,,,,,,,A,,,,,,
*29,,,,,,,,,,,,T,,,,,,,,,,,,,,,,,,,,,,,,,,
*30,,,,,,,,,,,,,,T,,,,,,,,,,,,,,,,,,,,,,,,
*31,,,,,,,,,,,,,,,T,,,,,,,,,,,,,,,,,,,,,,,
*32,,,,,,,,,,,,,,,,,G,,,,,,,,,,,,,,,,,,,,,
*33,,,,,,,,,,,,,,,,,,,,,,,,A,,,,,,,,,,,,,,
*34,,,,,,A,,T,C,,,,,,,,,,,,,,,,,,,,,,,,,,,,,
*35,,,,,,,,,,,,,,,,,,G,,,,,,,,,,,,,,,,,,,,
