gene,genotype,CYP2D6_ex9,-1584C>G,100C>T,137_138insT,883G>C,1023C>T,1707delT,1758G>T,1758G>A,1846G>A,2549delA,2615_2617delAAG,2850C>T,2935A>C,2988G>A,3183G>A,4180G>C,c.430C>T,c.1075A>C,c.1080C>G,c.818delA,c.449G>A,c.449G>T,c.1003C>T,CYP2C19.2_c.681G>A,CYP2C19.3_c.636G>A,CYP2C19.4_c.1A>G,CYP2C19.5_c.1297C>T,CYP2C19.6_c.395G>A,CYP2C19.7_g.19294T>A,CYP2C19.8_c.358T>C,CYP2C19.9_c.431G>A,CYP2C19.17_g.-806C>T
gene,genotype,Hs00010001_Cn,C__32407252_30,C__11484460_40,C__32407245_40,C__30634118_A0,C___2222771_40,C__32407243_20,C_30634117C_20,C_30634117D_30,C__27102431_D0,C__32407232_50,C__32407229_60,C__27102425_10,C__32388575_30,C__34816116_20,C__34816113_20,C__27102414_10,C__25625805_10,C__27104892_10,C__27859817_40,C__32287221_20,C__25625804_10,C_25625804D_20,C__30634132_70,C__25986767_70,C__27861809_10,C__30634136_10,C__27861810_10,C__27531918_10,C__30634127_10,C__30634130_30,C__25745302_30,C____469857_10
CYP2D6,*1/*1,2,G/G,G/G,-/-,C/C,G/G,A/A,C/C,C/C,C/C,T/T,TCT/TCT,G/G,T/T,C/C,C/C,C/C,,,,,,,,,,,,,,,,
CYP2D6,*1/*1x2,3,G/G,G/G,-/-,C/C,G/G,A/A,C/C,C/C,C/C,T/T,TCT/TCT,G/G,T/T,C/C,C/C,C/C,,,,,,,,,,,,,,,,
CYP2D6,*1/*2,2,G/G,G/G,-/-,C/C,G/G,A/A,C/C,C/C,C/C,T/T,TCT/TCT,G/A,T/T,C/C,C/C,C/G,,,,,,,,,,,,,,,,
CYP2D6,*1/*2A,2,G/C,G/G,-/-,C/C,G/G,A/A,C/C,C/C,C/C,T/T,TCT/TCT,G/A,T/T,C/C,C/C,C/G,,,,,,,,,,,,,,,,
CYP2D6,*1/*2x2,3,G/G,G/G,-/-,C/C,G/G,A/A,C/C,C/C,C/C,T/T,TCT/TCT,G/A,T/T,C/C,C/C,C/G,,,,,,,,,,,,,,,,
CYP2D6,*1/*2Ax2,3,G/C,G/G,-/-,C/C,G/G,A/A,C/C,C/C,C/C,T/T,TCT/TCT,G/A,T/T,C/C,C/C,C/G,,,,,,,,,,,,,,,,
CYP2D6,*1/*3,2,G/G,G/G,-/-,C/C,G/G,A/A,C/C,C/C,C/C,T/-,TCT/TCT,G/G,T/T,C/C,C/C,C/C,,,,,,,,,,,,,,,,
CYP2D6,*1/*4,2,G/G,G/A,-/-,C/C,G/G,A/A,C/C,C/C,C/T,T/T,TCT/TCT,G/G,T/T,C/C,C/C,C/G,,,,,,,,,,,,,,,,
CYP2D6,*1/*4x2,3,G/G,G/A,-/-,C/C,G/G,A/A,C/C,C/C,C/T,T/T,TCT/TCT,G/G,T/T,C/C,C/C,C/G,,,,,,,,,,,,,,,,
CYP2D6,*1/*5,1,G/G,G/G,-/-,C/C,G/G,A/A,C/C,C/C,C/C,T/T,TCT/TCT,G/G,T/T,C/C,C/C,C/C,,,,,,,,,,,,,,,,
CYP2D6,*1/*6,2,G/G,G/G,-/-,C/C,G/G,A/-,C/C,C/C,C/C,T/T,TCT/TCT,G/G,T/T,C/C,C/C,C/C;C/G,,,,,,,,,,,,,,,,
CYP2D6,*1/*7,2,G/G,G/G,-/-,C/C,G/G,A/A,C/C,C/C,C/C,T/T,TCT/TCT,G/G,T/G,C/C,C/C,C/C,,,,,,,,,,,,,,,,
CYP2D6,*1/*8,2,G/G,G/G,-/-,C/C,G/G,A/A,C/A,C/C,C/C,T/T,TCT/TCT,G/A,T/T,C/C,C/C,C/G,,,,,,,,,,,,,,,,
CYP2D6,*1/*9,2,G/G,G/G,-/-,C/C,G/G,A/A,C/C,C/C,C/C,T/T,TCT/-,G/G,T/T,C/C,C/C,C/C,,,,,,,,,,,,,,,,
CYP2D6,*1/*9x2,3,G/G,G/G,-/-,C/C,G/G,A/A,C/C,C/C,C/C,T/T,TCT/-,G/G,T/T,C/C,C/C,C/C,,,,,,,,,,,,,,,,
CYP2D6,*1/*10,2,G/G,G/A,-/-,C/C,G/G,A/A,C/C,C/C,C/C,T/T,TCT/TCT,G/G,T/T,C/C,C/C,C/G,,,,,,,,,,,,,,,,
CYP2D6,*1/*10x2,3,G/G,G/A,-/-,C/C,G/G,A/A,C/C,C/C,C/C,T/T,TCT/TCT,G/G,T/T,C/C,C/C,C/G,,,,,,,,,,,,,,,,
CYP2D6,*1/*11,2,G/G,G/G,-/-,C/G,G/G,A/A,C/C,C/C,C/C,T/T,TCT/TCT,G/A,T/T,C/C,C/C,C/G,,,,,,,,,,,,,,,,
CYP2D6,*1/*14A,2,G/G,G/A,-/-,C/C,G/G,A/A,C/C,C/T,C/C,T/T,TCT/TCT,G/A,T/T,C/C,C/C,C/G,,,,,,,,,,,,,,,,
CYP2D6,*1/*14B,2,G/G,G/G,-/-,C/C,G/G,A/A,C/C,C/T,C/C,T/T,TCT/TCT,G/A,T/T,C/C,C/C,C/G,,,,,,,,,,,,,,,,
CYP2D6,*1/*15,2,G/G,G/G,-/A,C/C,G/G,A/A,C/C,C/C,C/C,T/T,TCT/TCT,G/G,T/T,C/C,C/C,C/C,,,,,,,,,,,,,,,,
CYP2D6,*1/*17,2,G/G,G/G,-/-,C/C,G/A,A/A,C/C,C/C,C/C,T/T,TCT/TCT,G/A,T/T,C/C,C/C,C/G,,,,,,,,,,,,,,,,
CYP2D6,*1/*17x2,3,G/G,G/G,-/-,C/C,G/A,A/A,C/C,C/C,C/C,T/T,TCT/TCT,G/A,T/T,C/C,C/C,C/G,,,,,,,,,,,,,,,,
CYP2D6,*1/*29,2,G/G,G/G,-/-,C/C,G/G,A/A,C/C,C/C,C/C,T/T,TCT/TCT,G/A,T/T,C/C,C/T,C/G,,,,,,,,,,,,,,,,
CYP2D6,*1/*41,2,G/G,G/G,-/-,C/C,G/G,A/A,C/C,C/C,C/C,T/T,TCT/TCT,G/A,T/T,C/T,C/C,C/G,,,,,,,,,,,,,,,,
CYP2D6,*1/*70,2,G/G,G/G,-/-,C/C,G/G,A/A,C/C,C/C,C/C,T/T,TCT/TCT,G/G,T/T,C/C,C/T,C/G,,,,,,,,,,,,,,,,
CYP2D6,*1x2/*1x2,4,G/G,G/G,-/-,C/C,G/G,A/A,C/C,C/C,C/C,T/T,TCT/TCT,G/G,T/T,C/C,C/C,C/C,,,,,,,,,,,,,,,,
CYP2D6,*1x2/*2,3,G/G,G/G,-/-,C/C,G/G,A/A,C/C,C/C,C/C,T/T,TCT/TCT,G/A,T/T,C/C,C/C,C/G,,,,,,,,,,,,,,,,
CYP2D6,*1x2/*2A,3,G/C,G/G,-/-,C/C,G/G,A/A,C/C,C/C,C/C,T/T,TCT/TCT,G/A,T/T,C/C,C/C,C/G,,,,,,,,,,,,,,,,
CYP2D6,*1x2/*2x2,4,G/G,G/G,-/-,C/C,G/G,A/A,C/C,C/C,C/C,T/T,TCT/TCT,G/A,T/T,C/C,C/C,C/G,,,,,,,,,,,,,,,,
CYP2D6,*1x2/*2Ax2,4,G/C,G/G,-/-,C/C,G/G,A/A,C/C,C/C,C/C,T/T,TCT/TCT,G/A,T/T,C/C,C/C,C/G,,,,,,,,,,,,,,,,
CYP2D6,*1x2/*3,3,G/G,G/G,-/-,C/C,G/G,A/A,C/C,C/C,C/C,T/-,TCT/TCT,G/G,T/T,C/C,C/C,C/C,,,,,,,,,,,,,,,,
CYP2D6,*1x2/*4,3,G/G,G/A,-/-,C/C,G/G,A/A,C/C,C/C,C/T,T/T,TCT/TCT,G/G,T/T,C/C,C/C,C/G,,,,,,,,,,,,,,,,
CYP2D6,*1x2/*4x2,4,G/G,G/A,-/-,C/C,G/G,A/A,C/C,C/C,C/T,T/T,TCT/TCT,G/G,T/T,C/C,C/C,C/G,,,,,,,,,,,,,,,,
CYP2D6,*1x2/*6,3,G/G,G/G,-/-,C/C,G/G,A/-,C/C,C/C,C/C,T/T,TCT/TCT,G/G,T/T,C/C,C/C,C/C;C/G,,,,,,,,,,,,,,,,
CYP2D6,*1x2/*7,3,G/G,G/G,-/-,C/C,G/G,A/A,C/C,C/C,C/C,T/T,TCT/TCT,G/G,T/G,C/C,C/C,C/C,,,,,,,,,,,,,,,,
CYP2D6,*1x2/*8,3,G/G,G/G,-/-,C/C,G/G,A/A,C/A,C/C,C/C,T/T,TCT/TCT,G/A,T/T,C/C,C/C,C/G,,,,,,,,,,,,,,,,
CYP2D6,*1x2/*9,3,G/G,G/G,-/-,C/C,G/G,A/A,C/C,C/C,C/C,T/T,TCT/-,G/G,T/T,C/C,C/C,C/C,,,,,,,,,,,,,,,,
CYP2D6,*1x2/*9x2,4,G/G,G/G,-/-,C/C,G/G,A/A,C/C,C/C,C/C,T/T,TCT/-,G/G,T/T,C/C,C/C,C/C,,,,,,,,,,,,,,,,
CYP2D6,*1x2/*10,3,G/G,G/A,-/-,C/C,G/G,A/A,C/C,C/C,C/C,T/T,TCT/TCT,G/G,T/T,C/C,C/C,C/G,,,,,,,,,,,,,,,,
CYP2D6,*1x2/*10x2,4,G/G,G/A,-/-,C/C,G/G,A/A,C/C,C/C,C/C,T/T,TCT/TCT,G/G,T/T,C/C,C/C,C/G,,,,,,,,,,,,,,,,
CYP2D6,*1x2/*11,3,G/G,G/G,-/-,C/G,G/G,A/A,C/C,C/C,C/C,T/T,TCT/TCT,G/A,T/T,C/C,C/C,C/G,,,,,,,,,,,,,,,,
CYP2D6,*1x2/*14A,3,G/G,G/A,-/-,C/C,G/G,A/A,C/C,C/T,C/C,T/T,TCT/TCT,G/A,T/T,C/C,C/C,C/G,,,,,,,,,,,,,,,,
CYP2D6,*1x2/*14B,3,G/G,G/G,-/-,C/C,G/G,A/A,C/C,C/T,C/C,T/T,TCT/TCT,G/A,T/T,C/C,C/C,C/G,,,,,,,,,,,,,,,,
CYP2D6,*1x2/*15,3,G/G,G/G,-/A,C/C,G/G,A/A,C/C,C/C,C/C,T/T,TCT/TCT,G/G,T/T,C/C,C/C,C/C,,,,,,,,,,,,,,,,
CYP2D6,*1x2/*17,3,G/G,G/G,-/-,C/C,G/A,A/A,C/C,C/C,C/C,T/T,TCT/TCT,G/A,T/T,C/C,C/C,C/G,,,,,,,,,,,,,,,,
CYP2D6,*1x2/*17x2,4,G/G,G/G,-/-,C/C,G/A,A/A,C/C,C/C,C/C,T/T,TCT/TCT,G/A,T/T,C/C,C/C,C/G,,,,,,,,,,,,,,,,
CYP2D6,*1x2/*29,3,G/G,G/G,-/-,C/C,G/G,A/A,C/C,C/C,C/C,T/T,TCT/TCT,G/A,T/T,C/C,C/T,C/G,,,,,,,,,,,,,,,,
CYP2D6,*1x2/*41,3,G/G,G/G,-/-,C/C,G/G,A/A,C/C,C/C,C/C,T/T,TCT/TCT,G/A,T/T,C/T,C/C,C/G,,,,,,,,,,,,,,,,
CYP2D6,*1x2/*70,3,G/G,G/G,-/-,C/C,G/G,A/A,C/C,C/C,C/C,T/T,TCT/TCT,G/G,T/T,C/C,C/T,C/G,,,,,,,,,,,,,,,,
CYP2D6,*2/*2,2,G/G,G/G,-/-,C/C,G/G,A/A,C/C,C/C,C/C,T/T,TCT/TCT,A/A,T/T,C/C,C/C,G/G,,,,,,,,,,,,,,,,
CYP2D6,*2/*2A,2,G/C,G/G,-/-,C/C,G/G,A/A,C/C,C/C,C/C,T/T,TCT/TCT,A/A,T/T,C/C,C/C,G/G,,,,,,,,,,,,,,,,
CYP2D6,*2/*2x2,3,G/G,G/G,-/-,C/C,G/G,A/A,C/C,C/C,C/C,T/T,TCT/TCT,A/A,T/T,C/C,C/C,G/G,,,,,,,,,,,,,,,,
CYP2D6,*2/*2Ax2,3,G/C,G/G,-/-,C/C,G/G,A/A,C/C,C/C,C/C,T/T,TCT/TCT,A/A,T/T,C/C,C/C,G/G,,,,,,,,,,,,,,,,
CYP2D6,*2/*3,2,G/G,G/G,-/-,C/C,G/G,A/A,C/C,C/C,C/C,T/-,TCT/TCT,A/G,T/T,C/C,C/C,G/C,,,,,,,,,,,,,,,,
CYP2D6,*2/*4,2,G/G,G/A,-/-,C/C,G/G,A/A,C/C,C/C,C/T,T/T,TCT/TCT,A/G,T/T,C/C,C/C,G/G,,,,,,,,,,,,,,,,
CYP2D6,*2/*4x2,3,G/G,G/A,-/-,C/C,G/G,A/A,C/C,C/C,C/T,T/T,TCT/TCT,A/G,T/T,C/C,C/C,G/G,,,,,,,,,,,,,,,,
CYP2D6,*2/*5,1,G/G,G/G,-/-,C/C,G/G,A/A,C/C,C/C,C/C,T/T,TCT/TCT,A/A,T/T,C/C,C/C,G/G,,,,,,,,,,,,,,,,
CYP2D6,*2/*6,2,G/G,G/G,-/-,C/C,G/G,A/-,C/C,C/C,C/C,T/T,TCT/TCT,A/G,T/T,C/C,C/C,G/G;G/C,,,,,,,,,,,,,,,,
CYP2D6,*2/*7,2,G/G,G/G,-/-,C/C,G/G,A/A,C/C,C/C,C/C,T/T,TCT/TCT,A/G,T/G,C/C,C/C,G/C,,,,,,,,,,,,,,,,
CYP2D6,*2/*8,2,G/G,G/G,-/-,C/C,G/G,A/A,C/A,C/C,C/C,T/T,TCT/TCT,A/A,T/T,C/C,C/C,G/G,,,,,,,,,,,,,,,,
CYP2D6,*2/*9,2,G/G,G/G,-/-,C/C,G/G,A/A,C/C,C/C,C/C,T/T,TCT/-,A/G,T/T,C/C,C/C,G/C,,,,,,,,,,,,,,,,
CYP2D6,*2/*9x2,3,G/G,G/G,-/-,C/C,G/G,A/A,C/C,C/C,C/C,T/T,TCT/-,A/G,T/T,C/C,C/C,G/C,,,,,,,,,,,,,,,,
CYP2D6,*2/*10,2,G/G,G/A,-/-,C/C,G/G,A/A,C/C,C/C,C/C,T/T,TCT/TCT,A/G,T/T,C/C,C/C,G/G,,,,,,,,,,,,,,,,
CYP2D6,*2/*10x2,3,G/G,G/A,-/-,C/C,G/G,A/A,C/C,C/C,C/C,T/T,TCT/TCT,A/G,T/T,C/C,C/C,G/G,,,,,,,,,,,,,,,,
CYP2D6,*2/*11,2,G/G,G/G,-/-,C/G,G/G,A/A,C/C,C/C,C/C,T/T,TCT/TCT,A/A,T/T,C/C,C/C,G/G,,,,,,,,,,,,,,,,
CYP2D6,*2/*14A,2,G/G,G/A,-/-,C/C,G/G,A/A,C/C,C/T,C/C,T/T,TCT/TCT,A/A,T/T,C/C,C/C,G/G,,,,,,,,,,,,,,,,
CYP2D6,*2/*14B,2,G/G,G/G,-/-,C/C,G/G,A/A,C/C,C/T,C/C,T/T,TCT/TCT,A/A,T/T,C/C,C/C,G/G,,,,,,,,,,,,,,,,
CYP2D6,*2/*15,2,G/G,G/G,-/A,C/C,G/G,A/A,C/C,C/C,C/C,T/T,TCT/TCT,A/G,T/T,C/C,C/C,G/C,,,,,,,,,,,,,,,,
CYP2D6,*2/*17,2,G/G,G/G,-/-,C/C,G/A,A/A,C/C,C/C,C/C,T/T,TCT/TCT,A/A,T/T,C/C,C/C,G/G,,,,,,,,,,,,,,,,
CYP2D6,*2/*17x2,3,G/G,G/G,-/-,C/C,G/A,A/A,C/C,C/C,C/C,T/T,TCT/TCT,A/A,T/T,C/C,C/C,G/G,,,,,,,,,,,,,,,,
CYP2D6,*2/*29,2,G/G,G/G,-/-,C/C,G/G,A/A,C/C,C/C,C/C,T/T,TCT/TCT,A/A,T/T,C/C,C/T,G/G,,,,,,,,,,,,,,,,
CYP2D6,*2/*41,2,G/G,G/G,-/-,C/C,G/G,A/A,C/C,C/C,C/C,T/T,TCT/TCT,A/A,T/T,C/T,C/C,G/G,,,,,,,,,,,,,,,,
CYP2D6,*2/*70,2,G/G,G/G,-/-,C/C,G/G,A/A,C/C,C/C,C/C,T/T,TCT/TCT,A/G,T/T,C/C,C/T,G/G,,,,,,,,,,,,,,,,
CYP2D6,*2A/*2A,2,C/C,G/G,-/-,C/C,G/G,A/A,C/C,C/C,C/C,T/T,TCT/TCT,A/A,T/T,C/C,C/C,G/G,,,,,,,,,,,,,,,,
CYP2D6,*2A/*2x2,3,C/G,G/G,-/-,C/C,G/G,A/A,C/C,C/C,C/C,T/T,TCT/TCT,A/A,T/T,C/C,C/C,G/G,,,,,,,,,,,,,,,,
CYP2D6,*2A/*2Ax2,3,C/C,G/G,-/-,C/C,G/G,A/A,C/C,C/C,C/C,T/T,TCT/TCT,A/A,T/T,C/C,C/C,G/G,,,,,,,,,,,,,,,,
CYP2D6,*2A/*3,2,C/G,G/G,-/-,C/C,G/G,A/A,C/C,C/C,C/C,T/-,TCT/TCT,A/G,T/T,C/C,C/C,G/C,,,,,,,,,,,,,,,,
CYP2D6,*2A/*4,2,C/G,G/A,-/-,C/C,G/G,A/A,C/C,C/C,C/T,T/T,TCT/TCT,A/G,T/T,C/C,C/C,G/G,,,,,,,,,,,,,,,,
CYP2D6,*2A/*4x2,3,C/G,G/A,-/-,C/C,G/G,A/A,C/C,C/C,C/T,T/T,TCT/TCT,A/G,T/T,C/C,C/C,G/G,,,,,,,,,,,,,,,,
CYP2D6,*2A/*5,1,C/C,G/G,-/-,C/C,G/G,A/A,C/C,C/C,C/C,T/T,TCT/TCT,A/A,T/T,C/C,C/C,G/G,,,,,,,,,,,,,,,,
CYP2D6,*2A/*6,2,C/G,G/G,-/-,C/C,G/G,A/-,C/C,C/C,C/C,T/T,TCT/TCT,A/G,T/T,C/C,C/C,G/G;G/C,,,,,,,,,,,,,,,,
CYP2D6,*2A/*7,2,C/G,G/G,-/-,C/C,G/G,A/A,C/C,C/C,C/C,T/T,TCT/TCT,A/G,T/G,C/C,C/C,G/C,,,,,,,,,,,,,,,,
CYP2D6,*2A/*8,2,C/G,G/G,-/-,C/C,G/G,A/A,C/A,C/C,C/C,T/T,TCT/TCT,A/A,T/T,C/C,C/C,G/G,,,,,,,,,,,,,,,,
CYP2D6,*2A/*9,2,C/G,G/G,-/-,C/C,G/G,A/A,C/C,C/C,C/C,T/T,TCT/-,A/G,T/T,C/C,C/C,G/C,,,,,,,,,,,,,,,,
CYP2D6,*2A/*9x2,3,C/G,G/G,-/-,C/C,G/G,A/A,C/C,C/C,C/C,T/T,TCT/-,A/G,T/T,C/C,C/C,G/C,,,,,,,,,,,,,,,,
CYP2D6,*2A/*10,2,C/G,G/A,-/-,C/C,G/G,A/A,C/C,C/C,C/C,T/T,TCT/TCT,A/G,T/T,C/C,C/C,G/G,,,,,,,,,,,,,,,,
CYP2D6,*2A/*10x2,3,C/G,G/A,-/-,C/C,G/G,A/A,C/C,C/C,C/C,T/T,TCT/TCT,A/G,T/T,C/C,C/C,G/G,,,,,,,,,,,,,,,,
CYP2D6,*2A/*11,2,C/G,G/G,-/-,C/G,G/G,A/A,C/C,C/C,C/C,T/T,TCT/TCT,A/A,T/T,C/C,C/C,G/G,,,,,,,,,,,,,,,,
CYP2D6,*2A/*14A,2,C/G,G/A,-/-,C/C,G/G,A/A,C/C,C/T,C/C,T/T,TCT/TCT,A/A,T/T,C/C,C/C,G/G,,,,,,,,,,,,,,,,
CYP2D6,*2A/*14B,2,C/G,G/G,-/-,C/C,G/G,A/A,C/C,C/T,C/C,T/T,TCT/TCT,A/A,T/T,C/C,C/C,G/G,,,,,,,,,,,,,,,,
CYP2D6,*2A/*15,2,C/G,G/G,-/A,C/C,G/G,A/A,C/C,C/C,C/C,T/T,TCT/TCT,A/G,T/T,C/C,C/C,G/C,,,,,,,,,,,,,,,,
CYP2D6,*2A/*17,2,C/G,G/G,-/-,C/C,G/A,A/A,C/C,C/C,C/C,T/T,TCT/TCT,A/A,T/T,C/C,C/C,G/G,,,,,,,,,,,,,,,,
CYP2D6,*2A/*17x2,3,C/G,G/G,-/-,C/C,G/A,A/A,C/C,C/C,C/C,T/T,TCT/TCT,A/A,T/T,C/C,C/C,G/G,,,,,,,,,,,,,,,,
CYP2D6,*2A/*29,2,C/G,G/G,-/-,C/C,G/G,A/A,C/C,C/C,C/C,T/T,TCT/TCT,A/A,T/T,C/C,C/T,G/G,,,,,,,,,,,,,,,,
CYP2D6,*2A/*41,2,C/G,G/G,-/-,C/C,G/G,A/A,C/C,C/C,C/C,T/T,TCT/TCT,A/A,T/T,C/T,C/C,G/G,,,,,,,,,,,,,,,,
CYP2D6,*2A/*70,2,C/G,G/G,-/-,C/C,G/G,A/A,C/C,C/C,C/C,T/T,TCT/TCT,A/G,T/T,C/C,C/T,G/G,,,,,,,,,,,,,,,,
CYP2D6,*2x2/*2x2,4,G/G,G/G,-/-,C/C,G/G,A/A,C/C,C/C,C/C,T/T,TCT/TCT,A/A,T/T,C/C,C/C,G/G,,,,,,,,,,,,,,,,
CYP2D6,*2x2/*2Ax2,4,G/C,G/G,-/-,C/C,G/G,A/A,C/C,C/C,C/C,T/T,TCT/TCT,A/A,T/T,C/C,C/C,G/G,,,,,,,,,,,,,,,,
CYP2D6,*2x2/*3,3,G/G,G/G,-/-,C/C,G/G,A/A,C/C,C/C,C/C,T/-,TCT/TCT,A/G,T/T,C/C,C/C,G/C,,,,,,,,,,,,,,,,
CYP2D6,*2x2/*4,3,G/G,G/A,-/-,C/C,G/G,A/A,C/C,C/C,C/T,T/T,TCT/TCT,A/G,T/T,C/C,C/C,G/G,,,,,,,,,,,,,,,,
CYP2D6,*2x2/*4x2,4,G/G,G/A,-/-,C/C,G/G,A/A,C/C,C/C,C/T,T/T,TCT/TCT,A/G,T/T,C/C,C/C,G/G,,,,,,,,,,,,,,,,
CYP2D6,*2x2/*6,3,G/G,G/G,-/-,C/C,G/G,A/-,C/C,C/C,C/C,T/T,TCT/TCT,A/G,T/T,C/C,C/C,G/G;G/C,,,,,,,,,,,,,,,,
CYP2D6,*2x2/*7,3,G/G,G/G,-/-,C/C,G/G,A/A,C/C,C/C,C/C,T/T,TCT/TCT,A/G,T/G,C/C,C/C,G/C,,,,,,,,,,,,,,,,
CYP2D6,*2x2/*8,3,G/G,G/G,-/-,C/C,G/G,A/A,C/A,C/C,C/C,T/T,TCT/TCT,A/A,T/T,C/C,C/C,G/G,,,,,,,,,,,,,,,,
CYP2D6,*2x2/*9,3,G/G,G/G,-/-,C/C,G/G,A/A,C/C,C/C,C/C,T/T,TCT/-,A/G,T/T,C/C,C/C,G/C,,,,,,,,,,,,,,,,
CYP2D6,*2x2/*9x2,4,G/G,G/G,-/-,C/C,G/G,A/A,C/C,C/C,C/C,T/T,TCT/-,A/G,T/T,C/C,C/C,G/C,,,,,,,,,,,,,,,,
CYP2D6,*2x2/*10,3,G/G,G/A,-/-,C/C,G/G,A/A,C/C,C/C,C/C,T/T,TCT/TCT,A/G,T/T,C/C,C/C,G/G,,,,,,,,,,,,,,,,
CYP2D6,*2x2/*10x2,4,G/G,G/A,-/-,C/C,G/G,A/A,C/C,C/C,C/C,T/T,TCT/TCT,A/G,T/T,C/C,C/C,G/G,,,,,,,,,,,,,,,,
CYP2D6,*2x2/*11,3,G/G,G/G,-/-,C/G,G/G,A/A,C/C,C/C,C/C,T/T,TCT/TCT,A/A,T/T,C/C,C/C,G/G,,,,,,,,,,,,,,,,
CYP2D6,*2x2/*14A,3,G/G,G/A,-/-,C/C,G/G,A/A,C/C,C/T,C/C,T/T,TCT/TCT,A/A,T/T,C/C,C/C,G/G,,,,,,,,,,,,,,,,
CYP2D6,*2x2/*14B,3,G/G,G/G,-/-,C/C,G/G,A/A,C/C,C/T,C/C,T/T,TCT/TCT,A/A,T/T,C/C,C/C,G/G,,,,,,,,,,,,,,,,
CYP2D6,*2x2/*15,3,G/G,G/G,-/A,C/C,G/G,A/A,C/C,C/C,C/C,T/T,TCT/TCT,A/G,T/T,C/C,C/C,G/C,,,,,,,,,,,,,,,,
CYP2D6,*2x2/*17,3,G/G,G/G,-/-,C/C,G/A,A/A,C/C,C/C,C/C,T/T,TCT/TCT,A/A,T/T,C/C,C/C,G/G,,,,,,,,,,,,,,,,
CYP2D6,*2x2/*17x2,4,G/G,G/G,-/-,C/C,G/A,A/A,C/C,C/C,C/C,T/T,TCT/TCT,A/A,T/T,C/C,C/C,G/G,,,,,,,,,,,,,,,,
CYP2D6,*2x2/*29,3,G/G,G/G,-/-,C/C,G/G,A/A,C/C,C/C,C/C,T/T,TCT/TCT,A/A,T/T,C/C,C/T,G/G,,,,,,,,,,,,,,,,
CYP2D6,*2x2/*41,3,G/G,G/G,-/-,C/C,G/G,A/A,C/C,C/C,C/C,T/T,TCT/TCT,A/A,T/T,C/T,C/C,G/G,,,,,,,,,,,,,,,,
CYP2D6,*2x2/*70,3,G/G,G/G,-/-,C/C,G/G,A/A,C/C,C/C,C/C,T/T,TCT/TCT,A/G,T/T,C/C,C/T,G/G,,,,,,,,,,,,,,,,
CYP2D6,*2Ax2/*2Ax2,4,C/C,G/G,-/-,C/C,G/G,A/A,C/C,C/C,C/C,T/T,TCT/TCT,A/A,T/T,C/C,C/C,G/G,,,,,,,,,,,,,,,,
CYP2D6,*2Ax2/*3,3,C/G,G/G,-/-,C/C,G/G,A/A,C/C,C/C,C/C,T/-,TCT/TCT,A/G,T/T,C/C,C/C,G/C,,,,,,,,,,,,,,,,
CYP2D6,*2Ax2/*4,3,C/G,G/A,-/-,C/C,G/G,A/A,C/C,C/C,C/T,T/T,TCT/TCT,A/G,T/T,C/C,C/C,G/G,,,,,,,,,,,,,,,,
CYP2D6,*2Ax2/*4x2,4,C/G,G/A,-/-,C/C,G/G,A/A,C/C,C/C,C/T,T/T,TCT/TCT,A/G,T/T,C/C,C/C,G/G,,,,,,,,,,,,,,,,
CYP2D6,*2Ax2/*6,3,C/G,G/G,-/-,C/C,G/G,A/-,C/C,C/C,C/C,T/T,TCT/TCT,A/G,T/T,C/C,C/C,G/G;G/C,,,,,,,,,,,,,,,,
CYP2D6,*2Ax2/*7,3,C/G,G/G,-/-,C/C,G/G,A/A,C/C,C/C,C/C,T/T,TCT/TCT,A/G,T/G,C/C,C/C,G/C,,,,,,,,,,,,,,,,
CYP2D6,*2Ax2/*8,3,C/G,G/G,-/-,C/C,G/G,A/A,C/A,C/C,C/C,T/T,TCT/TCT,A/A,T/T,C/C,C/C,G/G,,,,,,,,,,,,,,,,
CYP2D6,*2Ax2/*9,3,C/G,G/G,-/-,C/C,G/G,A/A,C/C,C/C,C/C,T/T,TCT/-,A/G,T/T,C/C,C/C,G/C,,,,,,,,,,,,,,,,
CYP2D6,*2Ax2/*9x2,4,C/G,G/G,-/-,C/C,G/G,A/A,C/C,C/C,C/C,T/T,TCT/-,A/G,T/T,C/C,C/C,G/C,,,,,,,,,,,,,,,,
CYP2D6,*2Ax2/*10,3,C/G,G/A,-/-,C/C,G/G,A/A,C/C,C/C,C/C,T/T,TCT/TCT,A/G,T/T,C/C,C/C,G/G,,,,,,,,,,,,,,,,
CYP2D6,*2Ax2/*10x2,4,C/G,G/A,-/-,C/C,G/G,A/A,C/C,C/C,C/C,T/T,TCT/TCT,A/G,T/T,C/C,C/C,G/G,,,,,,,,,,,,,,,,
CYP2D6,*2Ax2/*11,3,C/G,G/G,-/-,C/G,G/G,A/A,C/C,C/C,C/C,T/T,TCT/TCT,A/A,T/T,C/C,C/C,G/G,,,,,,,,,,,,,,,,
CYP2D6,*2Ax2/*14A,3,C/G,G/A,-/-,C/C,G/G,A/A,C/C,C/T,C/C,T/T,TCT/TCT,A/A,T/T,C/C,C/C,G/G,,,,,,,,,,,,,,,,
CYP2D6,*2Ax2/*14B,3,C/G,G/G,-/-,C/C,G/G,A/A,C/C,C/T,C/C,T/T,TCT/TCT,A/A,T/T,C/C,C/C,G/G,,,,,,,,,,,,,,,,
CYP2D6,*2Ax2/*15,3,C/G,G/G,-/A,C/C,G/G,A/A,C/C,C/C,C/C,T/T,TCT/TCT,A/G,T/T,C/C,C/C,G/C,,,,,,,,,,,,,,,,
CYP2D6,*2Ax2/*17,3,C/G,G/G,-/-,C/C,G/A,A/A,C/C,C/C,C/C,T/T,TCT/TCT,A/A,T/T,C/C,C/C,G/G,,,,,,,,,,,,,,,,
CYP2D6,*2Ax2/*17x2,4,C/G,G/G,-/-,C/C,G/A,A/A,C/C,C/C,C/C,T/T,TCT/TCT,A/A,T/T,C/C,C/C,G/G,,,,,,,,,,,,,,,,
CYP2D6,*2Ax2/*29,3,C/G,G/G,-/-,C/C,G/G,A/A,C/C,C/C,C/C,T/T,TCT/TCT,A/A,T/T,C/C,C/T,G/G,,,,,,,,,,,,,,,,
CYP2D6,*2Ax2/*41,3,C/G,G/G,-/-,C/C,G/G,A/A,C/C,C/C,C/C,T/T,TCT/TCT,A/A,T/T,C/T,C/C,G/G,,,,,,,,,,,,,,,,
CYP2D6,*2Ax2/*70,3,C/G,G/G,-/-,C/C,G/G,A/A,C/C,C/C,C/C,T/T,TCT/TCT,A/G,T/T,C/C,C/T,G/G,,,,,,,,,,,,,,,,
CYP2D6,*3/*3,2,G/G,G/G,-/-,C/C,G/G,A/A,C/C,C/C,C/C,-/-,TCT/TCT,G/G,T/T,C/C,C/C,C/C,,,,,,,,,,,,,,,,
CYP2D6,*3/*4,2,G/G,G/A,-/-,C/C,G/G,A/A,C/C,C/C,C/T,-/T,TCT/TCT,G/G,T/T,C/C,C/C,C/G,,,,,,,,,,,,,,,,
CYP2D6,*3/*4x2,3,G/G,G/A,-/-,C/C,G/G,A/A,C/C,C/C,C/T,-/T,TCT/TCT,G/G,T/T,C/C,C/C,C/G,,,,,,,,,,,,,,,,
CYP2D6,*3/*5,1,G/G,G/G,-/-,C/C,G/G,A/A,C/C,C/C,C/C,-/-,TCT/TCT,G/G,T/T,C/C,C/C,C/C,,,,,,,,,,,,,,,,
CYP2D6,*3/*6,2,G/G,G/G,-/-,C/C,G/G,A/-,C/C,C/C,C/C,-/T,TCT/TCT,G/G,T/T,C/C,C/C,C/C;C/G,,,,,,,,,,,,,,,,
CYP2D6,*3/*7,2,G/G,G/G,-/-,C/C,G/G,A/A,C/C,C/C,C/C,-/T,TCT/TCT,G/G,T/G,C/C,C/C,C/C,,,,,,,,,,,,,,,,
CYP2D6,*3/*8,2,G/G,G/G,-/-,C/C,G/G,A/A,C/A,C/C,C/C,-/T,TCT/TCT,G/A,T/T,C/C,C/C,C/G,,,,,,,,,,,,,,,,
CYP2D6,*3/*9,2,G/G,G/G,-/-,C/C,G/G,A/A,C/C,C/C,C/C,-/T,TCT/-,G/G,T/T,C/C,C/C,C/C,,,,,,,,,,,,,,,,
CYP2D6,*3/*9x2,3,G/G,G/G,-/-,C/C,G/G,A/A,C/C,C/C,C/C,-/T,TCT/-,G/G,T/T,C/C,C/C,C/C,,,,,,,,,,,,,,,,
CYP2D6,*3/*10,2,G/G,G/A,-/-,C/C,G/G,A/A,C/C,C/C,C/C,-/T,TCT/TCT,G/G,T/T,C/C,C/C,C/G,,,,,,,,,,,,,,,,
CYP2D6,*3/*10x2,3,G/G,G/A,-/-,C/C,G/G,A/A,C/C,C/C,C/C,-/T,TCT/TCT,G/G,T/T,C/C,C/C,C/G,,,,,,,,,,,,,,,,
CYP2D6,*3/*11,2,G/G,G/G,-/-,C/G,G/G,A/A,C/C,C/C,C/C,-/T,TCT/TCT,G/A,T/T,C/C,C/C,C/G,,,,,,,,,,,,,,,,
CYP2D6,*3/*14A,2,G/G,G/A,-/-,C/C,G/G,A/A,C/C,C/T,C/C,-/T,TCT/TCT,G/A,T/T,C/C,C/C,C/G,,,,,,,,,,,,,,,,
CYP2D6,*3/*14B,2,G/G,G/G,-/-,C/C,G/G,A/A,C/C,C/T,C/C,-/T,TCT/TCT,G/A,T/T,C/C,C/C,C/G,,,,,,,,,,,,,,,,
CYP2D6,*3/*15,2,G/G,G/G,-/A,C/C,G/G,A/A,C/C,C/C,C/C,-/T,TCT/TCT,G/G,T/T,C/C,C/C,C/C,,,,,,,,,,,,,,,,
CYP2D6,*3/*17,2,G/G,G/G,-/-,C/C,G/A,A/A,C/C,C/C,C/C,-/T,TCT/TCT,G/A,T/T,C/C,C/C,C/G,,,,,,,,,,,,,,,,
CYP2D6,*3/*17x2,3,G/G,G/G,-/-,C/C,G/A,A/A,C/C,C/C,C/C,-/T,TCT/TCT,G/A,T/T,C/C,C/C,C/G,,,,,,,,,,,,,,,,
CYP2D6,*3/*29,2,G/G,G/G,-/-,C/C,G/G,A/A,C/C,C/C,C/C,-/T,TCT/TCT,G/A,T/T,C/C,C/T,C/G,,,,,,,,,,,,,,,,
CYP2D6,*3/*41,2,G/G,G/G,-/-,C/C,G/G,A/A,C/C,C/C,C/C,-/T,TCT/TCT,G/A,T/T,C/T,C/C,C/G,,,,,,,,,,,,,,,,
CYP2D6,*3/*70,2,G/G,G/G,-/-,C/C,G/G,A/A,C/C,C/C,C/C,-/T,TCT/TCT,G/G,T/T,C/C,C/T,C/G,,,,,,,,,,,,,,,,
CYP2D6,*4/*4,2,G/G,A/A,-/-,C/C,G/G,A/A,C/C,C/C,T/T,T/T,TCT/TCT,G/G,T/T,C/C,C/C,G/G,,,,,,,,,,,,,,,,
CYP2D6,*4/*4x2,3,G/G,A/A,-/-,C/C,G/G,A/A,C/C,C/C,T/T,T/T,TCT/TCT,G/G,T/T,C/C,C/C,G/G,,,,,,,,,,,,,,,,
CYP2D6,*4/*5,1,G/G,A/A,-/-,C/C,G/G,A/A,C/C,C/C,T/T,T/T,TCT/TCT,G/G,T/T,C/C,C/C,G/G,,,,,,,,,,,,,,,,
CYP2D6,*4/*6,2,G/G,A/G,-/-,C/C,G/G,A/-,C/C,C/C,T/C,T/T,TCT/TCT,G/G,T/T,C/C,C/C,G/G;G/C,,,,,,,,,,,,,,,,
CYP2D6,*4/*7,2,G/G,A/G,-/-,C/C,G/G,A/A,C/C,C/C,T/C,T/T,TCT/TCT,G/G,T/G,C/C,C/C,G/C,,,,,,,,,,,,,,,,
CYP2D6,*4/*8,2,G/G,A/G,-/-,C/C,G/G,A/A,C/A,C/C,T/C,T/T,TCT/TCT,G/A,T/T,C/C,C/C,G/G,,,,,,,,,,,,,,,,
CYP2D6,*4/*9,2,G/G,A/G,-/-,C/C,G/G,A/A,C/C,C/C,T/C,T/T,TCT/-,G/G,T/T,C/C,C/C,G/C,,,,,,,,,,,,,,,,
CYP2D6,*4/*9x2,3,G/G,A/G,-/-,C/C,G/G,A/A,C/C,C/C,T/C,T/T,TCT/-,G/G,T/T,C/C,C/C,G/C,,,,,,,,,,,,,,,,
CYP2D6,*4/*10,2,G/G,A/A,-/-,C/C,G/G,A/A,C/C,C/C,T/C,T/T,TCT/TCT,G/G,T/T,C/C,C/C,G/G,,,,,,,,,,,,,,,,
CYP2D6,*4/*10x2,3,G/G,A/A,-/-,C/C,G/G,A/A,C/C,C/C,T/C,T/T,TCT/TCT,G/G,T/T,C/C,C/C,G/G,,,,,,,,,,,,,,,,
CYP2D6,*4/*11,2,G/G,A/G,-/-,C/G,G/G,A/A,C/C,C/C,T/C,T/T,TCT/TCT,G/A,T/T,C/C,C/C,G/G,,,,,,,,,,,,,,,,
CYP2D6,*4/*14A,2,G/G,A/A,-/-,C/C,G/G,A/A,C/C,C/T,T/C,T/T,TCT/TCT,G/A,T/T,C/C,C/C,G/G,,,,,,,,,,,,,,,,
CYP2D6,*4/*14B,2,G/G,A/G,-/-,C/C,G/G,A/A,C/C,C/T,T/C,T/T,TCT/TCT,G/A,T/T,C/C,C/C,G/G,,,,,,,,,,,,,,,,
CYP2D6,*4/*15,2,G/G,A/G,-/A,C/C,G/G,A/A,C/C,C/C,T/C,T/T,TCT/TCT,G/G,T/T,C/C,C/C,G/C,,,,,,,,,,,,,,,,
CYP2D6,*4/*17,2,G/G,A/G,-/-,C/C,G/A,A/A,C/C,C/C,T/C,T/T,TCT/TCT,G/A,T/T,C/C,C/C,G/G,,,,,,,,,,,,,,,,
CYP2D6,*4/*17x2,3,G/G,A/G,-/-,C/C,G/A,A/A,C/C,C/C,T/C,T/T,TCT/TCT,G/A,T/T,C/C,C/C,G/G,,,,,,,,,,,,,,,,
CYP2D6,*4/*29,2,G/G,A/G,-/-,C/C,G/G,A/A,C/C,C/C,T/C,T/T,TCT/TCT,G/A,T/T,C/C,C/T,G/G,,,,,,,,,,,,,,,,
CYP2D6,*4/*41,2,G/G,A/G,-/-,C/C,G/G,A/A,C/C,C/C,T/C,T/T,TCT/TCT,G/A,T/T,C/T,C/C,G/G,,,,,,,,,,,,,,,,
CYP2D6,*4/*70,2,G/G,A/G,-/-,C/C,G/G,A/A,C/C,C/C,T/C,T/T,TCT/TCT,G/G,T/T,C/C,C/T,G/G,,,,,,,,,,,,,,,,
CYP2D6,*4x2/*4x2,4,G/G,A/A,-/-,C/C,G/G,A/A,C/C,C/C,T/T,T/T,TCT/TCT,G/G,T/T,C/C,C/C,G/G,,,,,,,,,,,,,,,,
CYP2D6,*4x2/*6,3,G/G,A/G,-/-,C/C,G/G,A/-,C/C,C/C,T/C,T/T,TCT/TCT,G/G,T/T,C/C,C/C,G/G;G/C,,,,,,,,,,,,,,,,
CYP2D6,*4x2/*7,3,G/G,A/G,-/-,C/C,G/G,A/A,C/C,C/C,T/C,T/T,TCT/TCT,G/G,T/G,C/C,C/C,G/C,,,,,,,,,,,,,,,,
CYP2D6,*4x2/*8,3,G/G,A/G,-/-,C/C,G/G,A/A,C/A,C/C,T/C,T/T,TCT/TCT,G/A,T/T,C/C,C/C,G/G,,,,,,,,,,,,,,,,
CYP2D6,*4x2/*9,3,G/G,A/G,-/-,C/C,G/G,A/A,C/C,C/C,T/C,T/T,TCT/-,G/G,T/T,C/C,C/C,G/C,,,,,,,,,,,,,,,,
CYP2D6,*4x2/*9x2,4,G/G,A/G,-/-,C/C,G/G,A/A,C/C,C/C,T/C,T/T,TCT/-,G/G,T/T,C/C,C/C,G/C,,,,,,,,,,,,,,,,
CYP2D6,*4x2/*10,3,G/G,A/A,-/-,C/C,G/G,A/A,C/C,C/C,T/C,T/T,TCT/TCT,G/G,T/T,C/C,C/C,G/G,,,,,,,,,,,,,,,,
CYP2D6,*4x2/*10x2,4,G/G,A/A,-/-,C/C,G/G,A/A,C/C,C/C,T/C,T/T,TCT/TCT,G/G,T/T,C/C,C/C,G/G,,,,,,,,,,,,,,,,
CYP2D6,*4x2/*11,3,G/G,A/G,-/-,C/G,G/G,A/A,C/C,C/C,T/C,T/T,TCT/TCT,G/A,T/T,C/C,C/C,G/G,,,,,,,,,,,,,,,,
CYP2D6,*4x2/*14A,3,G/G,A/A,-/-,C/C,G/G,A/A,C/C,C/T,T/C,T/T,TCT/TCT,G/A,T/T,C/C,C/C,G/G,,,,,,,,,,,,,,,,
CYP2D6,*4x2/*14B,3,G/G,A/G,-/-,C/C,G/G,A/A,C/C,C/T,T/C,T/T,TCT/TCT,G/A,T/T,C/C,C/C,G/G,,,,,,,,,,,,,,,,
CYP2D6,*4x2/*15,3,G/G,A/G,-/A,C/C,G/G,A/A,C/C,C/C,T/C,T/T,TCT/TCT,G/G,T/T,C/C,C/C,G/C,,,,,,,,,,,,,,,,
CYP2D6,*4x2/*17,3,G/G,A/G,-/-,C/C,G/A,A/A,C/C,C/C,T/C,T/T,TCT/TCT,G/A,T/T,C/C,C/C,G/G,,,,,,,,,,,,,,,,
CYP2D6,*4x2/*17x2,4,G/G,A/G,-/-,C/C,G/A,A/A,C/C,C/C,T/C,T/T,TCT/TCT,G/A,T/T,C/C,C/C,G/G,,,,,,,,,,,,,,,,
CYP2D6,*4x2/*29,3,G/G,A/G,-/-,C/C,G/G,A/A,C/C,C/C,T/C,T/T,TCT/TCT,G/A,T/T,C/C,C/T,G/G,,,,,,,,,,,,,,,,
CYP2D6,*4x2/*41,3,G/G,A/G,-/-,C/C,G/G,A/A,C/C,C/C,T/C,T/T,TCT/TCT,G/A,T/T,C/T,C/C,G/G,,,,,,,,,,,,,,,,
CYP2D6,*4x2/*70,3,G/G,A/G,-/-,C/C,G/G,A/A,C/C,C/C,T/C,T/T,TCT/TCT,G/G,T/T,C/C,C/T,G/G,,,,,,,,,,,,,,,,
CYP2D6,*5/*5,0,NOAMP,NOAMP,NOAMP,NOAMP,NOAMP,NOAMP,NOAMP,NOAMP,NOAMP,NOAMP,NOAMP,NOAMP,NOAMP,NOAMP,NOAMP,NOAMP,,,,,,,,,,,,,,,,
CYP2D6,*5/*6,1,G/G,G/G,-/-,C/C,G/G,-/-,C/C,C/C,C/C,T/T,TCT/TCT,G/G,T/T,C/C,C/C,C/C;G/G,,,,,,,,,,,,,,,,
CYP2D6,*5/*7,1,G/G,G/G,-/-,C/C,G/G,A/A,C/C,C/C,C/C,T/T,TCT/TCT,G/G,G/G,C/C,C/C,C/C,,,,,,,,,,,,,,,,
CYP2D6,*5/*8,1,G/G,G/G,-/-,C/C,G/G,A/A,A/A,C/C,C/C,T/T,TCT/TCT,A/A,T/T,C/C,C/C,G/G,,,,,,,,,,,,,,,,
CYP2D6,*5/*9,1,G/G,G/G,-/-,C/C,G/G,A/A,C/C,C/C,C/C,T/T,-/-,G/G,T/T,C/C,C/C,C/C,,,,,,,,,,,,,,,,
CYP2D6,*5/*10,1,G/G,A/A,-/-,C/C,G/G,A/A,C/C,C/C,C/C,T/T,TCT/TCT,G/G,T/T,C/C,C/C,G/G,,,,,,,,,,,,,,,,
CYP2D6,*5/*11,1,G/G,G/G,-/-,G/G,G/G,A/A,C/C,C/C,C/C,T/T,TCT/TCT,A/A,T/T,C/C,C/C,G/G,,,,,,,,,,,,,,,,
CYP2D6,*5/*14A,1,G/G,A/A,-/-,C/C,G/G,A/A,C/C,T/T,C/C,T/T,TCT/TCT,A/A,T/T,C/C,C/C,G/G,,,,,,,,,,,,,,,,
CYP2D6,*5/*14B,1,G/G,G/G,-/-,C/C,G/G,A/A,C/C,T/T,C/C,T/T,TCT/TCT,A/A,T/T,C/C,C/C,G/G,,,,,,,,,,,,,,,,
CYP2D6,*5/*15,1,G/G,G/G,A/A,C/C,G/G,A/A,C/C,C/C,C/C,T/T,TCT/TCT,G/G,T/T,C/C,C/C,C/C,,,,,,,,,,,,,,,,
CYP2D6,*5/*17,1,G/G,G/G,-/-,C/C,A/A,A/A,C/C,C/C,C/C,T/T,TCT/TCT,A/A,T/T,C/C,C/C,G/G,,,,,,,,,,,,,,,,
CYP2D6,*5/*29,1,G/G,G/G,-/-,C/C,G/G,A/A,C/C,C/C,C/C,T/T,TCT/TCT,A/A,T/T,C/C,T/T,G/G,,,,,,,,,,,,,,,,
CYP2D6,*5/*41,1,G/G,G/G,-/-,C/C,G/G,A/A,C/C,C/C,C/C,T/T,TCT/TCT,A/A,T/T,T/T,C/C,G/G,,,,,,,,,,,,,,,,
CYP2D6,*5/*70,1,G/G,G/G,-/-,C/C,G/G,A/A,C/C,C/C,C/C,T/T,TCT/TCT,G/G,T/T,C/C,T/T,G/G,,,,,,,,,,,,,,,,
CYP2D6,*6/*6,2,G/G,G/G,-/-,C/C,G/G,-/-,C/C,C/C,C/C,T/T,TCT/TCT,G/G,T/T,C/C,C/C,,,,,,,,,,,,,,,,,
CYP2D6,*6/*7,2,G/G,G/G,-/-,C/C,G/G,-/A,C/C,C/C,C/C,T/T,TCT/TCT,G/G,T/G,C/C,C/C,C/C;C/G,,,,,,,,,,,,,,,,
CYP2D6,*6/*8,2,G/G,G/G,-/-,C/C,G/G,-/A,C/A,C/C,C/C,T/T,TCT/TCT,G/A,T/T,C/C,C/C,G/G;G/C,,,,,,,,,,,,,,,,
CYP2D6,*6/*9,2,G/G,G/G,-/-,C/C,G/G,-/A,C/C,C/C,C/C,T/T,TCT/-,G/G,T/T,C/C,C/C,C/C;C/G,,,,,,,,,,,,,,,,
CYP2D6,*6/*9x2,3,G/G,G/G,-/-,C/C,G/G,-/A,C/C,C/C,C/C,T/T,TCT/-,G/G,T/T,C/C,C/C,C/C;C/G,,,,,,,,,,,,,,,,
CYP2D6,*6/*10,2,G/G,G/A,-/-,C/C,G/G,-/A,C/C,C/C,C/C,T/T,TCT/TCT,G/G,T/T,C/C,C/C,G/G;G/C,,,,,,,,,,,,,,,,
CYP2D6,*6/*10x2,3,G/G,G/A,-/-,C/C,G/G,-/A,C/C,C/C,C/C,T/T,TCT/TCT,G/G,T/T,C/C,C/C,G/G;G/C,,,,,,,,,,,,,,,,
CYP2D6,*6/*11,2,G/G,G/G,-/-,C/G,G/G,-/A,C/C,C/C,C/C,T/T,TCT/TCT,G/A,T/T,C/C,C/C,G/G;G/C,,,,,,,,,,,,,,,,
CYP2D6,*6/*14A,2,G/G,G/A,-/-,C/C,G/G,-/A,C/C,C/T,C/C,T/T,TCT/TCT,G/A,T/T,C/C,C/C,G/G;G/C,,,,,,,,,,,,,,,,
CYP2D6,*6/*14B,2,G/G,G/G,-/-,C/C,G/G,-/A,C/C,C/T,C/C,T/T,TCT/TCT,G/A,T/T,C/C,C/C,G/G;G/C,,,,,,,,,,,,,,,,
CYP2D6,*6/*15,2,G/G,G/G,-/A,C/C,G/G,-/A,C/C,C/C,C/C,T/T,TCT/TCT,G/G,T/T,C/C,C/C,C/C;C/G,,,,,,,,,,,,,,,,
CYP2D6,*6/*17,2,G/G,G/G,-/-,C/C,G/A,-/A,C/C,C/C,C/C,T/T,TCT/TCT,G/A,T/T,C/C,C/C,G/G;G/C,,,,,,,,,,,,,,,,
CYP2D6,*6/*17x2,3,G/G,G/G,-/-,C/C,G/A,-/A,C/C,C/C,C/C,T/T,TCT/TCT,G/A,T/T,C/C,C/C,G/G;G/C,,,,,,,,,,,,,,,,
CYP2D6,*6/*29,2,G/G,G/G,-/-,C/C,G/G,-/A,C/C,C/C,C/C,T/T,TCT/TCT,G/A,T/T,C/C,C/T,G/G;G/C,,,,,,,,,,,,,,,,
CYP2D6,*6/*41,2,G/G,G/G,-/-,C/C,G/G,-/A,C/C,C/C,C/C,T/T,TCT/TCT,G/A,T/T,C/T,C/C,G/G;G/C,,,,,,,,,,,,,,,,
CYP2D6,*6/*70,2,G/G,G/G,-/-,C/C,G/G,-/A,C/C,C/C,C/C,T/T,TCT/TCT,G/G,T/T,C/C,C/T,G/G;G/C,,,,,,,,,,,,,,,,
CYP2D6,*7/*7,2,G/G,G/G,-/-,C/C,G/G,A/A,C/C,C/C,C/C,T/T,TCT/TCT,G/G,G/G,C/C,C/C,C/C,,,,,,,,,,,,,,,,
CYP2D6,*7/*8,2,G/G,G/G,-/-,C/C,G/G,A/A,C/A,C/C,C/C,T/T,TCT/TCT,G/A,G/T,C/C,C/C,C/G,,,,,,,,,,,,,,,,
CYP2D6,*7/*9,2,G/G,G/G,-/-,C/C,G/G,A/A,C/C,C/C,C/C,T/T,TCT/-,G/G,G/T,C/C,C/C,C/C,,,,,,,,,,,,,,,,
CYP2D6,*7/*9x2,3,G/G,G/G,-/-,C/C,G/G,A/A,C/C,C/C,C/C,T/T,TCT/-,G/G,G/T,C/C,C/C,C/C,,,,,,,,,,,,,,,,
CYP2D6,*7/*10,2,G/G,G/A,-/-,C/C,G/G,A/A,C/C,C/C,C/C,T/T,TCT/TCT,G/G,G/T,C/C,C/C,C/G,,,,,,,,,,,,,,,,
CYP2D6,*7/*10x2,3,G/G,G/A,-/-,C/C,G/G,A/A,C/C,C/C,C/C,T/T,TCT/TCT,G/G,G/T,C/C,C/C,C/G,,,,,,,,,,,,,,,,
CYP2D6,*7/*11,2,G/G,G/G,-/-,C/G,G/G,A/A,C/C,C/C,C/C,T/T,TCT/TCT,G/A,G/T,C/C,C/C,C/G,,,,,,,,,,,,,,,,
CYP2D6,*7/*14A,2,G/G,G/A,-/-,C/C,G/G,A/A,C/C,C/T,C/C,T/T,TCT/TCT,G/A,G/T,C/C,C/C,C/G,,,,,,,,,,,,,,,,
CYP2D6,*7/*14B,2,G/G,G/G,-/-,C/C,G/G,A/A,C/C,C/T,C/C,T/T,TCT/TCT,G/A,G/T,C/C,C/C,C/G,,,,,,,,,,,,,,,,
CYP2D6,*7/*15,2,G/G,G/G,-/A,C/C,G/G,A/A,C/C,C/C,C/C,T/T,TCT/TCT,G/G,G/T,C/C,C/C,C/C,,,,,,,,,,,,,,,,
CYP2D6,*7/*17,2,G/G,G/G,-/-,C/C,G/A,A/A,C/C,C/C,C/C,T/T,TCT/TCT,G/A,G/T,C/C,C/C,C/G,,,,,,,,,,,,,,,,
CYP2D6,*7/*17x2,3,G/G,G/G,-/-,C/C,G/A,A/A,C/C,C/C,C/C,T/T,TCT/TCT,G/A,G/T,C/C,C/C,C/G,,,,,,,,,,,,,,,,
CYP2D6,*7/*29,2,G/G,G/G,-/-,C/C,G/G,A/A,C/C,C/C,C/C,T/T,TCT/TCT,G/A,G/T,C/C,C/T,C/G,,,,,,,,,,,,,,,,
CYP2D6,*7/*41,2,G/G,G/G,-/-,C/C,G/G,A/A,C/C,C/C,C/C,T/T,TCT/TCT,G/A,G/T,C/T,C/C,C/G,,,,,,,,,,,,,,,,
CYP2D6,*7/*70,2,G/G,G/G,-/-,C/C,G/G,A/A,C/C,C/C,C/C,T/T,TCT/TCT,G/G,G/T,C/C,C/T,C/G,,,,,,,,,,,,,,,,
CYP2D6,*8/*8,2,G/G,G/G,-/-,C/C,G/G,A/A,A/A,noamp,C/C,T/T,TCT/TCT,A/A,T/T,C/C,C/C,G/G,,,,,,,,,,,,,,,,
CYP2D6,*8/*9,2,G/G,G/G,-/-,C/C,G/G,A/A,A/C,C/C,C/C,T/T,TCT/-,A/G,T/T,C/C,C/C,G/C,,,,,,,,,,,,,,,,
CYP2D6,*8/*9x2,3,G/G,G/G,-/-,C/C,G/G,A/A,A/C,C/C,C/C,T/T,TCT/-,A/G,T/T,C/C,C/C,G/C,,,,,,,,,,,,,,,,
CYP2D6,*8/*10,2,G/G,G/A,-/-,C/C,G/G,A/A,A/C,C/C,C/C,T/T,TCT/TCT,A/G,T/T,C/C,C/C,G/G,,,,,,,,,,,,,,,,
CYP2D6,*8/*10x2,3,G/G,G/A,-/-,C/C,G/G,A/A,A/C,C/C,C/C,T/T,TCT/TCT,A/G,T/T,C/C,C/C,G/G,,,,,,,,,,,,,,,,
CYP2D6,*8/*11,2,G/G,G/G,-/-,C/G,G/G,A/A,A/C,C/C,C/C,T/T,TCT/TCT,A/A,T/T,C/C,C/C,G/G,,,,,,,,,,,,,,,,
CYP2D6,*8/*14A,2,G/G,G/A,-/-,C/C,G/G,A/A,a/a,t/t,C/C,T/T,TCT/TCT,A/A,T/T,C/C,C/C,G/G,,,,,,,,,,,,,,,,
CYP2D6,*8/*14B,2,G/G,G/G,-/-,C/C,G/G,A/A,a/a,t/t,C/C,T/T,TCT/TCT,A/A,T/T,C/C,C/C,G/G,,,,,,,,,,,,,,,,
CYP2D6,*8/*15,2,G/G,G/G,-/A,C/C,G/G,A/A,A/C,C/C,C/C,T/T,TCT/TCT,A/G,T/T,C/C,C/C,G/C,,,,,,,,,,,,,,,,
CYP2D6,*8/*17,2,G/G,G/G,-/-,C/C,G/A,A/A,A/C,C/C,C/C,T/T,TCT/TCT,A/A,T/T,C/C,C/C,G/G,,,,,,,,,,,,,,,,
CYP2D6,*8/*17x2,3,G/G,G/G,-/-,C/C,G/A,A/A,A/C,C/C,C/C,T/T,TCT/TCT,A/A,T/T,C/C,C/C,G/G,,,,,,,,,,,,,,,,
CYP2D6,*8/*29,2,G/G,G/G,-/-,C/C,G/G,A/A,A/C,C/C,C/C,T/T,TCT/TCT,A/A,T/T,C/C,C/T,G/G,,,,,,,,,,,,,,,,
CYP2D6,*8/*41,2,G/G,G/G,-/-,C/C,G/G,A/A,A/C,C/C,C/C,T/T,TCT/TCT,A/A,T/T,C/T,C/C,G/G,,,,,,,,,,,,,,,,
CYP2D6,*8/*70,2,G/G,G/G,-/-,C/C,G/G,A/A,A/C,C/C,C/C,T/T,TCT/TCT,A/G,T/T,C/C,C/T,G/G,,,,,,,,,,,,,,,,
CYP2D6,*9/*9,2,G/G,G/G,-/-,C/C,G/G,A/A,C/C,C/C,C/C,T/T,-/-,G/G,T/T,C/C,C/C,C/C,,,,,,,,,,,,,,,,
CYP2D6,*9/*9x2,3,G/G,G/G,-/-,C/C,G/G,A/A,C/C,C/C,C/C,T/T,-/-,G/G,T/T,C/C,C/C,C/C,,,,,,,,,,,,,,,,
CYP2D6,*9/*10,2,G/G,G/A,-/-,C/C,G/G,A/A,C/C,C/C,C/C,T/T,-/TCT,G/G,T/T,C/C,C/C,C/G,,,,,,,,,,,,,,,,
CYP2D6,*9/*10x2,3,G/G,G/A,-/-,C/C,G/G,A/A,C/C,C/C,C/C,T/T,-/TCT,G/G,T/T,C/C,C/C,C/G,,,,,,,,,,,,,,,,
CYP2D6,*9/*11,2,G/G,G/G,-/-,C/G,G/G,A/A,C/C,C/C,C/C,T/T,-/TCT,G/A,T/T,C/C,C/C,C/G,,,,,,,,,,,,,,,,
CYP2D6,*9/*14A,2,G/G,G/A,-/-,C/C,G/G,A/A,C/C,C/T,C/C,T/T,-/TCT,G/A,T/T,C/C,C/C,C/G,,,,,,,,,,,,,,,,
CYP2D6,*9/*14B,2,G/G,G/G,-/-,C/C,G/G,A/A,C/C,C/T,C/C,T/T,-/TCT,G/A,T/T,C/C,C/C,C/G,,,,,,,,,,,,,,,,
CYP2D6,*9/*15,2,G/G,G/G,-/A,C/C,G/G,A/A,C/C,C/C,C/C,T/T,-/TCT,G/G,T/T,C/C,C/C,C/C,,,,,,,,,,,,,,,,
CYP2D6,*9/*17,2,G/G,G/G,-/-,C/C,G/A,A/A,C/C,C/C,C/C,T/T,-/TCT,G/A,T/T,C/C,C/C,C/G,,,,,,,,,,,,,,,,
CYP2D6,*9/*17x2,3,G/G,G/G,-/-,C/C,G/A,A/A,C/C,C/C,C/C,T/T,-/TCT,G/A,T/T,C/C,C/C,C/G,,,,,,,,,,,,,,,,
CYP2D6,*9/*29,2,G/G,G/G,-/-,C/C,G/G,A/A,C/C,C/C,C/C,T/T,-/TCT,G/A,T/T,C/C,C/T,C/G,,,,,,,,,,,,,,,,
CYP2D6,*9/*41,2,G/G,G/G,-/-,C/C,G/G,A/A,C/C,C/C,C/C,T/T,-/TCT,G/A,T/T,C/T,C/C,C/G,,,,,,,,,,,,,,,,
CYP2D6,*9/*70,2,G/G,G/G,-/-,C/C,G/G,A/A,C/C,C/C,C/C,T/T,-/TCT,G/G,T/T,C/C,C/T,C/G,,,,,,,,,,,,,,,,
CYP2D6,*9x2/*9x2,4,G/G,G/G,-/-,C/C,G/G,A/A,C/C,C/C,C/C,T/T,-/-,G/G,T/T,C/C,C/C,C/C,,,,,,,,,,,,,,,,
CYP2D6,*9x2/*10,3,G/G,G/A,-/-,C/C,G/G,A/A,C/C,C/C,C/C,T/T,-/TCT,G/G,T/T,C/C,C/C,C/G,,,,,,,,,,,,,,,,
CYP2D6,*9x2/*10x2,4,G/G,G/A,-/-,C/C,G/G,A/A,C/C,C/C,C/C,T/T,-/TCT,G/G,T/T,C/C,C/C,C/G,,,,,,,,,,,,,,,,
CYP2D6,*9x2/*11,3,G/G,G/G,-/-,C/G,G/G,A/A,C/C,C/C,C/C,T/T,-/TCT,G/A,T/T,C/C,C/C,C/G,,,,,,,,,,,,,,,,
CYP2D6,*9x2/*14A,3,G/G,G/A,-/-,C/C,G/G,A/A,C/C,C/T,C/C,T/T,-/TCT,G/A,T/T,C/C,C/C,C/G,,,,,,,,,,,,,,,,
CYP2D6,*9x2/*14B,3,G/G,G/G,-/-,C/C,G/G,A/A,C/C,C/T,C/C,T/T,-/TCT,G/A,T/T,C/C,C/C,C/G,,,,,,,,,,,,,,,,
CYP2D6,*9x2/*15,3,G/G,G/G,-/A,C/C,G/G,A/A,C/C,C/C,C/C,T/T,-/TCT,G/G,T/T,C/C,C/C,C/C,,,,,,,,,,,,,,,,
CYP2D6,*9x2/*17,3,G/G,G/G,-/-,C/C,G/A,A/A,C/C,C/C,C/C,T/T,-/TCT,G/A,T/T,C/C,C/C,C/G,,,,,,,,,,,,,,,,
CYP2D6,*9x2/*17x2,4,G/G,G/G,-/-,C/C,G/A,A/A,C/C,C/C,C/C,T/T,-/TCT,G/A,T/T,C/C,C/C,C/G,,,,,,,,,,,,,,,,
CYP2D6,*9x2/*29,3,G/G,G/G,-/-,C/C,G/G,A/A,C/C,C/C,C/C,T/T,-/TCT,G/A,T/T,C/C,C/T,C/G,,,,,,,,,,,,,,,,
CYP2D6,*9x2/*41,3,G/G,G/G,-/-,C/C,G/G,A/A,C/C,C/C,C/C,T/T,-/TCT,G/A,T/T,C/T,C/C,C/G,,,,,,,,,,,,,,,,
CYP2D6,*9x2/*70,3,G/G,G/G,-/-,C/C,G/G,A/A,C/C,C/C,C/C,T/T,-/TCT,G/G,T/T,C/C,C/T,C/G,,,,,,,,,,,,,,,,
CYP2D6,*10/*10,2,G/G,A/A,-/-,C/C,G/G,A/A,C/C,C/C,C/C,T/T,TCT/TCT,G/G,T/T,C/C,C/C,G/G,,,,,,,,,,,,,,,,
CYP2D6,*10/*10x2,3,G/G,A/A,-/-,C/C,G/G,A/A,C/C,C/C,C/C,T/T,TCT/TCT,G/G,T/T,C/C,C/C,G/G,,,,,,,,,,,,,,,,
CYP2D6,*10/*11,2,G/G,A/G,-/-,C/G,G/G,A/A,C/C,C/C,C/C,T/T,TCT/TCT,G/A,T/T,C/C,C/C,G/G,,,,,,,,,,,,,,,,
CYP2D6,*10/*14A,2,G/G,A/A,-/-,C/C,G/G,A/A,C/C,C/T,C/C,T/T,TCT/TCT,G/A,T/T,C/C,C/C,G/G,,,,,,,,,,,,,,,,
CYP2D6,*10/*14B,2,G/G,A/G,-/-,C/C,G/G,A/A,C/C,C/T,C/C,T/T,TCT/TCT,G/A,T/T,C/C,C/C,G/G,,,,,,,,,,,,,,,,
CYP2D6,*10/*15,2,G/G,A/G,-/A,C/C,G/G,A/A,C/C,C/C,C/C,T/T,TCT/TCT,G/G,T/T,C/C,C/C,G/C,,,,,,,,,,,,,,,,
CYP2D6,*10/*17,2,G/G,A/G,-/-,C/C,G/A,A/A,C/C,C/C,C/C,T/T,TCT/TCT,G/A,T/T,C/C,C/C,G/G,,,,,,,,,,,,,,,,
CYP2D6,*10/*17x2,3,G/G,A/G,-/-,C/C,G/A,A/A,C/C,C/C,C/C,T/T,TCT/TCT,G/A,T/T,C/C,C/C,G/G,,,,,,,,,,,,,,,,
CYP2D6,*10/*29,2,G/G,A/G,-/-,C/C,G/G,A/A,C/C,C/C,C/C,T/T,TCT/TCT,G/A,T/T,C/C,C/T,G/G,,,,,,,,,,,,,,,,
CYP2D6,*10/*41,2,G/G,A/G,-/-,C/C,G/G,A/A,C/C,C/C,C/C,T/T,TCT/TCT,G/A,T/T,C/T,C/C,G/G,,,,,,,,,,,,,,,,
CYP2D6,*10/*70,2,G/G,A/G,-/-,C/C,G/G,A/A,C/C,C/C,C/C,T/T,TCT/TCT,G/G,T/T,C/C,C/T,G/G,,,,,,,,,,,,,,,,
CYP2D6,*10x2/*10x2,4,G/G,A/A,-/-,C/C,G/G,A/A,C/C,C/C,C/C,T/T,TCT/TCT,G/G,T/T,C/C,C/C,G/G,,,,,,,,,,,,,,,,
CYP2D6,*10x2/*11,3,G/G,A/G,-/-,C/G,G/G,A/A,C/C,C/C,C/C,T/T,TCT/TCT,G/A,T/T,C/C,C/C,G/G,,,,,,,,,,,,,,,,
CYP2D6,*10x2/*14A,3,G/G,A/A,-/-,C/C,G/G,A/A,C/C,C/T,C/C,T/T,TCT/TCT,G/A,T/T,C/C,C/C,G/G,,,,,,,,,,,,,,,,
CYP2D6,*10x2/*14B,3,G/G,A/G,-/-,C/C,G/G,A/A,C/C,C/T,C/C,T/T,TCT/TCT,G/A,T/T,C/C,C/C,G/G,,,,,,,,,,,,,,,,
CYP2D6,*10x2/*15,3,G/G,A/G,-/A,C/C,G/G,A/A,C/C,C/C,C/C,T/T,TCT/TCT,G/G,T/T,C/C,C/C,G/C,,,,,,,,,,,,,,,,
CYP2D6,*10x2/*17,3,G/G,A/G,-/-,C/C,G/A,A/A,C/C,C/C,C/C,T/T,TCT/TCT,G/A,T/T,C/C,C/C,G/G,,,,,,,,,,,,,,,,
CYP2D6,*10x2/*17x2,4,G/G,A/G,-/-,C/C,G/A,A/A,C/C,C/C,C/C,T/T,TCT/TCT,G/A,T/T,C/C,C/C,G/G,,,,,,,,,,,,,,,,
CYP2D6,*10x2/*29,3,G/G,A/G,-/-,C/C,G/G,A/A,C/C,C/C,C/C,T/T,TCT/TCT,G/A,T/T,C/C,C/T,G/G,,,,,,,,,,,,,,,,
CYP2D6,*10x2/*41,3,G/G,A/G,-/-,C/C,G/G,A/A,C/C,C/C,C/C,T/T,TCT/TCT,G/A,T/T,C/T,C/C,G/G,,,,,,,,,,,,,,,,
CYP2D6,*10x2/*70,3,G/G,A/G,-/-,C/C,G/G,A/A,C/C,C/C,C/C,T/T,TCT/TCT,G/G,T/T,C/C,C/T,G/G,,,,,,,,,,,,,,,,
CYP2D6,*11/*11,2,G/G,G/G,-/-,G/G,G/G,A/A,C/C,C/C,C/C,T/T,TCT/TCT,A/A,T/T,C/C,C/C,G/G,,,,,,,,,,,,,,,,
CYP2D6,*11/*14A,2,G/G,G/A,-/-,G/C,G/G,A/A,C/C,C/T,C/C,T/T,TCT/TCT,A/A,T/T,C/C,C/C,G/G,,,,,,,,,,,,,,,,
CYP2D6,*11/*14B,2,G/G,G/G,-/-,G/C,G/G,A/A,C/C,C/T,C/C,T/T,TCT/TCT,A/A,T/T,C/C,C/C,G/G,,,,,,,,,,,,,,,,
CYP2D6,*11/*15,2,G/G,G/G,-/A,G/C,G/G,A/A,C/C,C/C,C/C,T/T,TCT/TCT,A/G,T/T,C/C,C/C,G/C,,,,,,,,,,,,,,,,
CYP2D6,*11/*17,2,G/G,G/G,-/-,G/C,G/A,A/A,C/C,C/C,C/C,T/T,TCT/TCT,A/A,T/T,C/C,C/C,G/G,,,,,,,,,,,,,,,,
CYP2D6,*11/*17x2,3,G/G,G/G,-/-,G/C,G/A,A/A,C/C,C/C,C/C,T/T,TCT/TCT,A/A,T/T,C/C,C/C,G/G,,,,,,,,,,,,,,,,
CYP2D6,*11/*29,2,G/G,G/G,-/-,G/C,G/G,A/A,C/C,C/C,C/C,T/T,TCT/TCT,A/A,T/T,C/C,C/T,G/G,,,,,,,,,,,,,,,,
CYP2D6,*11/*41,2,G/G,G/G,-/-,G/C,G/G,A/A,C/C,C/C,C/C,T/T,TCT/TCT,A/A,T/T,C/T,C/C,G/G,,,,,,,,,,,,,,,,
CYP2D6,*11/*70,2,G/G,G/G,-/-,G/C,G/G,A/A,C/C,C/C,C/C,T/T,TCT/TCT,A/G,T/T,C/C,C/T,G/G,,,,,,,,,,,,,,,,
CYP2D6,*14A/*14A,2,G/G,A/A,-/-,C/C,G/G,A/A,noamp,T/T,C/C,T/T,TCT/TCT,A/A,T/T,C/C,C/C,G/G,,,,,,,,,,,,,,,,
CYP2D6,*14A/*14B,2,G/G,A/G,-/-,C/C,G/G,A/A,noamp,T/T,C/C,T/T,TCT/TCT,A/A,T/T,C/C,C/C,G/G,,,,,,,,,,,,,,,,
CYP2D6,*14A/*15,2,G/G,A/G,-/A,C/C,G/G,A/A,C/C,T/C,C/C,T/T,TCT/TCT,A/G,T/T,C/C,C/C,G/C,,,,,,,,,,,,,,,,
CYP2D6,*14A/*17,2,G/G,A/G,-/-,C/C,G/A,A/A,C/C,T/C,C/C,T/T,TCT/TCT,A/A,T/T,C/C,C/C,G/G,,,,,,,,,,,,,,,,
CYP2D6,*14A/*17x2,3,G/G,A/G,-/-,C/C,G/A,A/A,C/C,T/C,C/C,T/T,TCT/TCT,A/A,T/T,C/C,C/C,G/G,,,,,,,,,,,,,,,,
CYP2D6,*14A/*29,2,G/G,A/G,-/-,C/C,G/G,A/A,C/C,T/C,C/C,T/T,TCT/TCT,A/A,T/T,C/C,C/T,G/G,,,,,,,,,,,,,,,,
CYP2D6,*14A/*41,2,G/G,A/G,-/-,C/C,G/G,A/A,C/C,T/C,C/C,T/T,TCT/TCT,A/A,T/T,C/T,C/C,G/G,,,,,,,,,,,,,,,,
CYP2D6,*14A/*70,2,G/G,A/G,-/-,C/C,G/G,A/A,C/C,T/C,C/C,T/T,TCT/TCT,A/G,T/T,C/C,C/T,G/G,,,,,,,,,,,,,,,,
CYP2D6,*14B/*14B,2,G/G,G/G,-/-,C/C,G/G,A/A,noamp,T/T,C/C,T/T,TCT/TCT,A/A,T/T,C/C,C/C,G/G,,,,,,,,,,,,,,,,
CYP2D6,*14B/*15,2,G/G,G/G,-/A,C/C,G/G,A/A,C/C,T/C,C/C,T/T,TCT/TCT,A/G,T/T,C/C,C/C,G/C,,,,,,,,,,,,,,,,
CYP2D6,*14B/*17,2,G/G,G/G,-/-,C/C,G/A,A/A,C/C,T/C,C/C,T/T,TCT/TCT,A/A,T/T,C/C,C/C,G/G,,,,,,,,,,,,,,,,
CYP2D6,*14B/*17x2,3,G/G,G/G,-/-,C/C,G/A,A/A,C/C,T/C,C/C,T/T,TCT/TCT,A/A,T/T,C/C,C/C,G/G,,,,,,,,,,,,,,,,
CYP2D6,*14B/*29,2,G/G,G/G,-/-,C/C,G/G,A/A,C/C,T/C,C/C,T/T,TCT/TCT,A/A,T/T,C/C,C/T,G/G,,,,,,,,,,,,,,,,
CYP2D6,*14B/*41,2,G/G,G/G,-/-,C/C,G/G,A/A,C/C,T/C,C/C,T/T,TCT/TCT,A/A,T/T,C/T,C/C,G/G,,,,,,,,,,,,,,,,
CYP2D6,*14B/*70,2,G/G,G/G,-/-,C/C,G/G,A/A,C/C,T/C,C/C,T/T,TCT/TCT,A/G,T/T,C/C,C/T,G/G,,,,,,,,,,,,,,,,
CYP2D6,*15/*15,2,G/G,G/G,A/A,C/C,G/G,A/A,C/C,C/C,C/C,T/T,TCT/TCT,G/G,T/T,C/C,C/C,C/C,,,,,,,,,,,,,,,,
CYP2D6,*15/*17,2,G/G,G/G,A/-,C/C,G/A,A/A,C/C,C/C,C/C,T/T,TCT/TCT,G/A,T/T,C/C,C/C,C/G,,,,,,,,,,,,,,,,
CYP2D6,*15/*17x2,3,G/G,G/G,A/-,C/C,G/A,A/A,C/C,C/C,C/C,T/T,TCT/TCT,G/A,T/T,C/C,C/C,C/G,,,,,,,,,,,,,,,,
CYP2D6,*15/*29,2,G/G,G/G,A/-,C/C,G/G,A/A,C/C,C/C,C/C,T/T,TCT/TCT,G/A,T/T,C/C,C/T,C/G,,,,,,,,,,,,,,,,
CYP2D6,*15/*41,2,G/G,G/G,A/-,C/C,G/G,A/A,C/C,C/C,C/C,T/T,TCT/TCT,G/A,T/T,C/T,C/C,C/G,,,,,,,,,,,,,,,,
CYP2D6,*15/*70,2,G/G,G/G,A/-,C/C,G/G,A/A,C/C,C/C,C/C,T/T,TCT/TCT,G/G,T/T,C/C,C/T,C/G,,,,,,,,,,,,,,,,
CYP2D6,*17/*17,2,G/G,G/G,-/-,C/C,A/A,A/A,C/C,C/C,C/C,T/T,TCT/TCT,A/A,T/T,C/C,C/C,G/G,,,,,,,,,,,,,,,,
CYP2D6,*17/*17x2,3,G/G,G/G,-/-,C/C,A/A,A/A,C/C,C/C,C/C,T/T,TCT/TCT,A/A,T/T,C/C,C/C,G/G,,,,,,,,,,,,,,,,
CYP2D6,*17/*29,2,G/G,G/G,-/-,C/C,A/G,A/A,C/C,C/C,C/C,T/T,TCT/TCT,A/A,T/T,C/C,C/T,G/G,,,,,,,,,,,,,,,,
CYP2D6,*17/*41,2,G/G,G/G,-/-,C/C,A/G,A/A,C/C,C/C,C/C,T/T,TCT/TCT,A/A,T/T,C/T,C/C,G/G,,,,,,,,,,,,,,,,
CYP2D6,*17/*70,2,G/G,G/G,-/-,C/C,A/G,A/A,C/C,C/C,C/C,T/T,TCT/TCT,A/G,T/T,C/C,C/T,G/G,,,,,,,,,,,,,,,,
CYP2D6,*17x2/*17x2,4,G/G,G/G,-/-,C/C,A/A,A/A,C/C,C/C,C/C,T/T,TCT/TCT,A/A,T/T,C/C,C/C,G/G,,,,,,,,,,,,,,,,
CYP2D6,*17x2/*29,3,G/G,G/G,-/-,C/C,A/G,A/A,C/C,C/C,C/C,T/T,TCT/TCT,A/A,T/T,C/C,C/T,G/G,,,,,,,,,,,,,,,,
CYP2D6,*17x2/*41,3,G/G,G/G,-/-,C/C,A/G,A/A,C/C,C/C,C/C,T/T,TCT/TCT,A/A,T/T,C/T,C/C,G/G,,,,,,,,,,,,,,,,
CYP2D6,*17x2/*70,3,G/G,G/G,-/-,C/C,A/G,A/A,C/C,C/C,C/C,T/T,TCT/TCT,A/G,T/T,C/C,C/T,G/G,,,,,,,,,,,,,,,,
CYP2D6,*29/*29,2,G/G,G/G,-/-,C/C,G/G,A/A,C/C,C/C,C/C,T/T,TCT/TCT,A/A,T/T,C/C,T/T,G/G,,,,,,,,,,,,,,,,
CYP2D6,*29/*41,2,G/G,G/G,-/-,C/C,G/G,A/A,C/C,C/C,C/C,T/T,TCT/TCT,A/A,T/T,C/T,T/C,G/G,,,,,,,,,,,,,,,,
CYP2D6,*29/*70,2,G/G,G/G,-/-,C/C,G/G,A/A,C/C,C/C,C/C,T/T,TCT/TCT,A/G,T/T,C/C,T/T,G/G,,,,,,,,,,,,,,,,
CYP2D6,*41/*41,2,G/G,G/G,-/-,C/C,G/G,A/A,C/C,C/C,C/C,T/T,TCT/TCT,A/A,T/T,T/T,C/C,G/G,,,,,,,,,,,,,,,,
CYP2D6,*41/*70,2,G/G,G/G,-/-,C/C,G/G,A/A,C/C,C/C,C/C,T/T,TCT/TCT,A/G,T/T,T/C,C/T,G/G,,,,,,,,,,,,,,,,
CYP2D6,*70/*70,2,G/G,G/G,-/-,C/C,G/G,A/A,C/C,C/C,C/C,T/T,TCT/TCT,G/G,T/T,C/C,T/T,G/G,,,,,,,,,,,,,,,,
CYP2C9,*1/*1,,,,,,,,,,,,,,,,,,C/C,A/A,C/C,A/A,G/G,G/G,C/C,,,,,,,,,
CYP2C9,*1/*2,,,,,,,,,,,,,,,,,,C/T,A/A,C/C,A/A,G/G,G/G,C/C,,,,,,,,,
CYP2C9,*1/*3,,,,,,,,,,,,,,,,,,C/C,A/C,C/C,A/A,G/G,G/G,C/C,,,,,,,,,
CYP2C9,*1/*5,,,,,,,,,,,,,,,,,,C/C,A/A,C/G,A/A,G/G,G/G,C/C,,,,,,,,,
CYP2C9,*1/*6,,,,,,,,,,,,,,,,,,C/C,A/A,C/C,A/-,G/G,G/G,C/C,,,,,,,,,
CYP2C9,*1/*8,,,,,,,,,,,,,,,,,,C/C,A/A,C/C,A/A,G/A,G/G,C/C,,,,,,,,,
CYP2C9,*1/*11,,,,,,,,,,,,,,,,,,C/C,A/A,C/C,A/A,G/G,G/G,C/T,,,,,,,,,
CYP2C9,*1/*27,,,,,,,,,,,,,,,,,,C/C,A/A,C/C,A/A,G/G,G/T,C/C,,,,,,,,,
CYP2C9,*2/*2,,,,,,,,,,,,,,,,,,T/T,A/A,C/C,A/A,G/G,G/G,C/C,,,,,,,,,
CYP2C9,*2/*3,,,,,,,,,,,,,,,,,,T/C,A/C,C/C,A/A,G/G,G/G,C/C,,,,,,,,,
CYP2C9,*2/*5,,,,,,,,,,,,,,,,,,T/C,A/A,C/G,A/A,G/G,G/G,C/C,,,,,,,,,
CYP2C9,*2/*6,,,,,,,,,,,,,,,,,,T/C,A/A,C/C,A/-,G/G,G/G,C/C,,,,,,,,,
CYP2C9,*2/*8,,,,,,,,,,,,,,,,,,T/C,A/A,C/C,A/A,G/A,G/G,C/C,,,,,,,,,
CYP2C9,*2/*11,,,,,,,,,,,,,,,,,,T/C,A/A,C/C,A/A,G/G,G/G,C/T,,,,,,,,,
CYP2C9,*2/*27,,,,,,,,,,,,,,,,,,T/C,A/A,C/C,A/A,G/G,G/T,C/C,,,,,,,,,
CYP2C9,*3/*3,,,,,,,,,,,,,,,,,,C/C,C/C,C/C,A/A,G/G,G/G,C/C,,,,,,,,,
CYP2C9,*3/*5,,,,,,,,,,,,,,,,,,C/C,C/A,C/G,A/A,G/G,G/G,C/C,,,,,,,,,
CYP2C9,*3/*6,,,,,,,,,,,,,,,,,,C/C,C/A,C/C,A/-,G/G,G/G,C/C,,,,,,,,,
CYP2C9,*3/*8,,,,,,,,,,,,,,,,,,C/C,C/A,C/C,A/A,G/A,G/G,C/C,,,,,,,,,
CYP2C9,*3/*11,,,,,,,,,,,,,,,,,,C/C,C/A,C/C,A/A,G/G,G/G,C/T,,,,,,,,,
CYP2C9,*3/*27,,,,,,,,,,,,,,,,,,C/C,C/A,C/C,A/A,G/G,G/T,C/C,,,,,,,,,
CYP2C9,*5/*5,,,,,,,,,,,,,,,,,,C/C,A/A,G/G,A/A,G/G,G/G,C/C,,,,,,,,,
CYP2C9,*5/*6,,,,,,,,,,,,,,,,,,C/C,A/A,G/C,A/-,G/G,G/G,C/C,,,,,,,,,
CYP2C9,*5/*8,,,,,,,,,,,,,,,,,,C/C,A/A,G/C,A/A,G/A,G/G,C/C,,,,,,,,,
CYP2C9,*5/*11,,,,,,,,,,,,,,,,,,C/C,A/A,G/C,A/A,G/G,G/G,C/T,,,,,,,,,
CYP2C9,*5/*27,,,,,,,,,,,,,,,,,,C/C,A/A,G/C,A/A,G/G,G/T,C/C,,,,,,,,,
CYP2C9,*6/*6,,,,,,,,,,,,,,,,,,C/C,A/A,C/C,-/-,G/G,G/G,C/C,,,,,,,,,
CYP2C9,*6/*8,,,,,,,,,,,,,,,,,,C/C,A/A,C/C,-/A,G/A,G/G,C/C,,,,,,,,,
CYP2C9,*6/*11,,,,,,,,,,,,,,,,,,C/C,A/A,C/C,-/A,G/G,G/G,C/T,,,,,,,,,
CYP2C9,*6/*27,,,,,,,,,,,,,,,,,,C/C,A/A,C/C,-/A,G/G,G/T,C/C,,,,,,,,,
CYP2C9,*8/*8,,,,,,,,,,,,,,,,,,C/C,A/A,C/C,A/A,A/A,noamp,C/C,,,,,,,,,
CYP2C9,*8/*11,,,,,,,,,,,,,,,,,,C/C,A/A,C/C,A/A,A/G,G/G,C/T,,,,,,,,,
CYP2C9,*8/*27,,,,,,,,,,,,,,,,,,C/C,A/A,C/C,A/A,a/a,t/t,C/C,,,,,,,,,
CYP2C9,*11/*11,,,,,,,,,,,,,,,,,,C/C,A/A,C/C,A/A,G/G,G/G,T/T,,,,,,,,,
CYP2C9,*11/*27,,,,,,,,,,,,,,,,,,C/C,A/A,C/C,A/A,G/G,G/T,T/C,,,,,,,,,
CYP2C9,*27/*27,,,,,,,,,,,,,,,,,,C/C,A/A,C/C,A/A,noamp,T/T,C/C,,,,,,,,,
CYP2C19,*1/*1,,,,,,,,,,,,,,,,,,,,,,,,,G/G,G/G,A/A,C/C,G/G,T/T,T/T,G/G,C/C
CYP2C19,*1/*2,,,,,,,,,,,,,,,,,,,,,,,,,G/A,G/G,A/A,C/C,G/G,T/T,T/T,G/G,C/C
CYP2C19,*1/*3,,,,,,,,,,,,,,,,,,,,,,,,,G/G,G/A,A/A,C/C,G/G,T/T,T/T,G/G,C/C
CYP2C19,*1/*4,,,,,,,,,,,,,,,,,,,,,,,,,G/G,G/G,A/G,C/C,G/G,T/T,T/T,G/G,C/C;C/T
CYP2C19,*1/*5,,,,,,,,,,,,,,,,,,,,,,,,,G/G,G/G,A/A,C/T,G/G,T/T,T/T,G/G,C/C
CYP2C19,*1/*6,,,,,,,,,,,,,,,,,,,,,,,,,G/G,G/G,A/A,C/C,G/A,T/T,T/T,G/G,C/C
CYP2C19,*1/*7,,,,,,,,,,,,,,,,,,,,,,,,,G/G,G/G,A/A,C/C,G/G,T/A,T/T,G/G,C/C
CYP2C19,*1/*8,,,,,,,,,,,,,,,,,,,,,,,,,G/G,G/G,A/A,C/C,G/G,T/T,T/C,G/G,C/C
CYP2C19,*1/*9,,,,,,,,,,,,,,,,,,,,,,,,,G/G,G/G,A/A,C/C,G/G,T/T,T/T,G/A,C/C
CYP2C19,*1/*17,,,,,,,,,,,,,,,,,,,,,,,,,G/G,G/G,A/A,C/C,G/G,T/T,T/T,G/G,C/T
CYP2C19,*2/*2,,,,,,,,,,,,,,,,,,,,,,,,,A/A,G/G,A/A,C/C,G/G,T/T,T/T,G/G,C/C
CYP2C19,*2/*3,,,,,,,,,,,,,,,,,,,,,,,,,A/G,G/A,A/A,C/C,G/G,T/T,T/T,G/G,C/C
CYP2C19,*2/*4,,,,,,,,,,,,,,,,,,,,,,,,,A/G,G/G,A/G,C/C,G/G,T/T,T/T,G/G,C/C;C/T
CYP2C19,*2/*5,,,,,,,,,,,,,,,,,,,,,,,,,A/G,G/G,A/A,C/T,G/G,T/T,T/T,G/G,C/C
CYP2C19,*2/*6,,,,,,,,,,,,,,,,,,,,,,,,,A/G,G/G,A/A,C/C,G/A,T/T,T/T,G/G,C/C
CYP2C19,*2/*7,,,,,,,,,,,,,,,,,,,,,,,,,A/G,G/G,A/A,C/C,G/G,T/A,T/T,G/G,C/C
CYP2C19,*2/*8,,,,,,,,,,,,,,,,,,,,,,,,,A/G,G/G,A/A,C/C,G/G,T/T,T/C,G/G,C/C
CYP2C19,*2/*9,,,,,,,,,,,,,,,,,,,,,,,,,A/G,G/G,A/A,C/C,G/G,T/T,T/T,G/A,C/C
CYP2C19,*2/*17,,,,,,,,,,,,,,,,,,,,,,,,,A/G,G/G,A/A,C/C,G/G,T/T,T/T,G/G,C/T
CYP2C19,*3/*3,,,,,,,,,,,,,,,,,,,,,,,,,G/G,A/A,A/A,C/C,G/G,T/T,T/T,G/G,C/C
CYP2C19,*3/*4,,,,,,,,,,,,,,,,,,,,,,,,,G/G,A/G,A/G,C/C,G/G,T/T,T/T,G/G,C/C;C/T
CYP2C19,*3/*5,,,,,,,,,,,,,,,,,,,,,,,,,G/G,A/G,A/A,C/T,G/G,T/T,T/T,G/G,C/C
CYP2C19,*3/*6,,,,,,,,,,,,,,,,,,,,,,,,,G/G,A/G,A/A,C/C,G/A,T/T,T/T,G/G,C/C
CYP2C19,*3/*7,,,,,,,,,,,,,,,,,,,,,,,,,G/G,A/G,A/A,C/C,G/G,T/A,T/T,G/G,C/C
CYP2C19,*3/*8,,,,,,,,,,,,,,,,,,,,,,,,,G/G,A/G,A/A,C/C,G/G,T/T,T/C,G/G,C/C
CYP2C19,*3/*9,,,,,,,,,,,,,,,,,,,,,,,,,G/G,A/G,A/A,C/C,G/G,T/T,T/T,G/A,C/C
CYP2C19,*3/*17,,,,,,,,,,,,,,,,,,,,,,,,,G/G,A/G,A/A,C/C,G/G,T/T,T/T,G/G,C/T
CYP2C19,*4/*4,,,,,,,,,,,,,,,,,,,,,,,,,G/G,G/G,G/G,C/C,G/G,T/T,T/T,G/G,
CYP2C19,*4/*5,,,,,,,,,,,,,,,,,,,,,,,,,G/G,G/G,G/A,C/T,G/G,T/T,T/T,G/G,C/C;C/T
CYP2C19,*4/*6,,,,,,,,,,,,,,,,,,,,,,,,,G/G,G/G,G/A,C/C,G/A,T/T,T/T,G/G,C/C;C/T
CYP2C19,*4/*7,,,,,,,,,,,,,,,,,,,,,,,,,G/G,G/G,G/A,C/C,G/G,T/A,T/T,G/G,C/C;C/T
CYP2C19,*4/*8,,,,,,,,,,,,,,,,,,,,,,,,,G/G,G/G,G/A,C/C,G/G,T/T,T/C,G/G,C/C;C/T
CYP2C19,*4/*9,,,,,,,,,,,,,,,,,,,,,,,,,G/G,G/G,G/A,C/C,G/G,T/T,T/T,G/A,C/C;C/T
CYP2C19,*4/*17,,,,,,,,,,,,,,,,,,,,,,,,,G/G,G/G,G/A,C/C,G/G,T/T,T/T,G/G,T/T;T/C
CYP2C19,*5/*5,,,,,,,,,,,,,,,,,,,,,,,,,G/G,G/G,A/A,T/T,G/G,T/T,T/T,G/G,C/C
CYP2C19,*5/*6,,,,,,,,,,,,,,,,,,,,,,,,,G/G,G/G,A/A,T/C,G/A,T/T,T/T,G/G,C/C
CYP2C19,*5/*7,,,,,,,,,,,,,,,,,,,,,,,,,G/G,G/G,A/A,T/C,G/G,T/A,T/T,G/G,C/C
CYP2C19,*5/*8,,,,,,,,,,,,,,,,,,,,,,,,,G/G,G/G,A/A,T/C,G/G,T/T,T/C,G/G,C/C
CYP2C19,*5/*9,,,,,,,,,,,,,,,,,,,,,,,,,G/G,G/G,A/A,T/C,G/G,T/T,T/T,G/A,C/C
CYP2C19,*5/*17,,,,,,,,,,,,,,,,,,,,,,,,,G/G,G/G,A/A,T/C,G/G,T/T,T/T,G/G,C/T
CYP2C19,*6/*6,,,,,,,,,,,,,,,,,,,,,,,,,G/G,G/G,A/A,C/C,A/A,T/T,T/T,G/G,C/C
CYP2C19,*6/*7,,,,,,,,,,,,,,,,,,,,,,,,,G/G,G/G,A/A,C/C,A/G,T/A,T/T,G/G,C/C
CYP2C19,*6/*8,,,,,,,,,,,,,,,,,,,,,,,,,G/G,G/G,A/A,C/C,A/G,T/T,T/C,G/G,C/C
CYP2C19,*6/*9,,,,,,,,,,,,,,,,,,,,,,,,,G/G,G/G,A/A,C/C,A/G,T/T,T/T,G/A,C/C
CYP2C19,*6/*17,,,,,,,,,,,,,,,,,,,,,,,,,G/G,G/G,A/A,C/C,A/G,T/T,T/T,G/G,C/T
CYP2C19,*7/*7,,,,,,,,,,,,,,,,,,,,,,,,,G/G,G/G,A/A,C/C,G/G,A/A,T/T,G/G,C/C
CYP2C19,*7/*8,,,,,,,,,,,,,,,,,,,,,,,,,G/G,G/G,A/A,C/C,G/G,A/T,T/C,G/G,C/C
CYP2C19,*7/*9,,,,,,,,,,,,,,,,,,,,,,,,,G/G,G/G,A/A,C/C,G/G,A/T,T/T,G/A,C/C
CYP2C19,*7/*17,,,,,,,,,,,,,,,,,,,,,,,,,G/G,G/G,A/A,C/C,G/G,A/T,T/T,G/G,C/T
CYP2C19,*8/*8,,,,,,,,,,,,,,,,,,,,,,,,,G/G,G/G,A/A,C/C,G/G,T/T,C/C,G/G,C/C
CYP2C19,*8/*9,,,,,,,,,,,,,,,,,,,,,,,,,G/G,G/G,A/A,C/C,G/G,T/T,C/T,G/A,C/C
CYP2C19,*8/*17,,,,,,,,,,,,,,,,,,,,,,,,,G/G,G/G,A/A,C/C,G/G,T/T,C/T,G/G,C/T
CYP2C19,*9/*9,,,,,,,,,,,,,,,,,,,,,,,,,G/G,G/G,A/A,C/C,G/G,T/T,T/T,A/A,C/C
CYP2C19,*9/*17,,,,,,,,,,,,,,,,,,,,,,,,,G/G,G/G,A/A,C/C,G/G,T/T,T/T,A/G,C/T
CYP2C19,*17/*17,,,,,,,,,,,,,,,,,,,,,,,,,G/G,G/G,A/A,C/C,G/G,T/T,T/T,G/G,T/T
